以下のデータは CC0 で公開可となります。,,,,,,,,"twitter,facebook,ホームページを入れて行って頂けると助かります。他はだいたい入っていますが生年月日が年までしか入っていないものがあります。10/5 higa4",,,,,,,
wikidata への登録時に「出典URL」を「http://www.dot-jp.or.jp/seijinavi/」に設定していただけるとありがたく。,,,,,,,,現在登録済み数,127,15.34%,が完了しています。,,,,
登録が終わったら wikidata Q を書いてもらえると助かります,,,,,,,,,,,,Wikidataへの登録状況,,,
wikidata,名前,姓,名,名（フリガナ）,姓（フリガナ）,性別,生年月日,Twitterアドレス,Facebookページアドレス,ホームページアドレス1,ホームページアドレス2(ブログも可),担当,登録予定日,完了日,メモ
Q1131407,堀井学,堀井,学,マナブ,ホリイ,男,19720219,,,http://horiimanabu.jp/,,,,,
Q1131518,川端達夫,川端,達夫,タツオ,カワバタ,男,19450124,,,http://www.kawa-bata.net/,,ikt2y,10/6,,
Q1132836,浜田靖一,浜田,靖一,ヤスカズ,ハマダ,男,19551021,,,http://www.office-hamada.jp/,,,,,
Q1133136,渡海紀三朗,渡海,紀三朗,キサブロウ,トカイ,男,19480211,,,http://www.kisaburo.net/,,221daisuke,10/5,10/5,
Q1133192,細田博之,細田,博之,ヒロユキ,ホソダ,男,19440405,hosodahiroyuki,,http://h-hosoda.jp/,,ikt2y,10/6,,
Q1133194,森英介,森,英介,エイスケ,モリ,男,19480831,,,http://www.morieisuke.com/index.html,,,,,
Q1133360,佐藤勉,佐藤,勉,ツトム,サトウ,男,19520620,,,,,,,,
Q1133463,亀井静香,亀井,静香,シズカ,カメイ,男,19361101,kamei_shizuka,,http://www.kamei-shizuka.net/,,higa4,10/4,10/4,
Q1133880,二階俊博,二階,俊博,トシヒロ,ニカイ,男,19390217,,,http://www.nikai.jp/,,higa4,10/5,10/5,
Q11353993,三ツ林裕巳,三ツ林,裕巳,ヒロミ,ミツバヤシ,男,19550907,hiromitsubayasi,,http://mitsubay.com/,,higa4,10/5,10/5,公式サイトはドメイン切れ？
Q1135729,細野豪志,細野,豪志,ゴウシ,ホソノ,男,19710821,hosono_54,,http://www.goshi.org/,,,,,
Q11359720,上田勇,上田,勇,イサム,ウエダ,男,19580805,IsamuUeda,,http://www.isamu-u.com/,,,,,
Q11360103,上西小百合,上西,小百合,サユリ,ウエニシ,女,19830430,,,http://uenishi-sayuri.com/,,,,,
Q11364144,中山展宏,中山,展宏,ノリヒロ,ナカヤマ,男,19680916,,,http://norihiro.org/,,,,,
Q11364418,中島克仁,中島,克仁,カツヒト,ナカジマ,男,19670927,KatsuNakajima,,http://katsuhito-nakajima.jp/,,,,,
Q11364762,中川俊直,中川,俊直,トシナオ,ナカガワ,男,19700425,,https://www.facebook.com/syunchoku,http://www.nakagawatoshinao.jp/,,,,,
Q11365989,中村裕之,中村,裕之,ヒロユキ,ナカムラ,男,19610223,,,http://www.hiro-nakamura.jp/,,,,,
Q11366226,中根康浩,中根,康浩,ヤスヒロ,ナカネ,男,19620817,,,http://www.sun-inet.or.jp/~nakayasu/,,,,,
Q11367646,中野洋昌,中野,洋昌,ヒロマサ,ナカノ,男,19780104,Hiro_NAKANO_,https://www.facebook.com/nakanohiromasa.office,http://www.nakano-hiromasa.com/,,higa4,10/5,10/5,
Q11368259,丸山穂高,丸山,穂高,ホダカ,マルヤマ,男,19840110,maruyamahodaka,,http://www.h-maruyama.jp/,,,,,
Q11373203,井上英孝,井上,英孝,ヒデタカ,イノウエ,男,19711025,,,http://www.hidetaka.tv/,,,,,
Q11373245,井上貴博,井上,貴博,タカヒロ,イノウエ,男,19620402,,https://www.facebook.com/inouetakahirojimusho,http://inoue-dosukoi-takahiro.net/,,higa4,10/5,10/5,ホームページは違うのでは？
Q11373350,井出庸生,井出,庸生,ヨウセイ,イデ,男,19771121,yousei_ide,,http://yousei-ide.com/,http://yousei-ide.com/blog/,,,,
Q11373460,井坂信彦,井坂,信彦,ノブヒコ,イサカ,男,19740327,isakanobuhiko,https://www.facebook.com/isakanobuhiko,http://www.minna-isaka.jp/,,,,,
Q11373633,井林辰憲,井林,辰憲,タツノリ,イバヤシ,男,19760718,T_Ibayashi,,http://t-ibayashi.com/index.html,,,,,
Q11373778,井野俊郎,井野,俊郎,トシロウ,イノ,男,19800108,,,http://www.inooffice.jp/,,,,,
Q11376723,今井雅人,今井,雅人,マサト,イマイ,男,19620221,imai_masato,,http://www.imai-masato.com/,,,,,
Q11377132,今枝宗一郎,今枝,宗一郎,ソウイチロウ,イマエダ,男,19840218,imaeda_soichiro,https://www.facebook.com/pages/%E4%BB%8A%E6%9E%9D%E3%81%9D%E3%81%86%E3%81%84%E3%81%A1%E3%82%8D%E3%81,http://www.imaeda-sou.com/,,Yfuruchin,,,
Q11377294,今津寛,今津,寛,ヒロシ,イマズ,男,19460930,,https://www.facebook.com/imazuhiroshi164,http://www.hiroshi-i.net/,,ikt2y,10/6,,
Q11378895,伊佐進一,伊佐,進一,シンイチ,イサ,男,19741210,isashinichi,,http://isa41.net/,,,,,
Q11379447,伊東信久,伊東,信久,ノブヒサ,イトウ,男,19640104,itonobuhisa,https://www.facebook.com/itonobuhisa0104,https://www.n-ito.jp/,,,,,
Q11379575,伊東良孝,伊東,良孝,ヨシタカ,イトウ,男,19481124,,http://www.facebook.com/itoyoshitaka07,http://ito-yoshitaka.jp/,,,,,
Q11384409,佐藤英道,佐藤,英道,ヒデミチ,サトウ,男,19600926,hidemichisato,,http://kmplan.net/usr/sato/,,,,,
Q11391317,八木哲也,八木,哲也,テツヤ,ヤギ,男,19470810,,,http://yagi-tetsuya.net/,,221daisuke,10/5,10/5,
Q11395120,冨樫博之,冨樫,博之,ヒロユキ,トガシ,男,19550427,hiroyukitogash,,http://www.togachan.jp/,,,,,
Q11396609,初鹿明博,初鹿,明博,アキヒロ,ハツシカ,男,19690415,,,http://www.hatsushika.net/,,,,,
Q11397152,前川恵,前川,恵,メグミ,マエカワ,女,19750816,,,,,higa4,10/5,10/5,
Q11397382,前田一男,前田,一男,カズオ,マエダ,男,19660527,,,http://www.maedakazuo.jp/,,,,,
Q11399159,加藤寛治,加藤,寛治,カンジ,カトウ,男,19460424,,,http://kato.shimabara.jp/,,higa4,10/5,10/5,
Q11399825,助田重義,助田,重義,シゲヨシ,スケダ,男,19600110,,,,,,,,
Q11400147,勝俣孝明,勝俣,孝明,タカアキ,カツマタ,男,19760407,,,http://www.t-katsumata.com/,,,,,
Q11400372,勝沼栄明,勝沼,栄明,シゲアキ,カツヌマ,男,19741126,,,,,,,,
Q11409844,原田憲治,原田,憲治,ケンジ,ハラダ,男,19480609,harada_kenji,,http://haradakenji.sakura.ne.jp/,,,,,
Q11411691,古賀篤,古賀,篤,アツシ,コガ,男,19720714,kogaatsushi,https://www.facebook.com/kogaatsu,http://www.kogaatsushi.com/wordpress/,http://ameblo.jp/kogaatsushi,,,,
Q11412937,吉川元,吉川,元,ハジメ,ヨシカワ,男,19660928,YoshikawaHajime,,,,higa4,10/5,10/5,
Q11422694,国場幸之助,国場,幸之助,コウノスケ,コクバ,男,19730110,kokubkonosuke,,http://www.konosuke.com,,higa4,10/5,10/5,
Q11422753,国重徹,国重,徹,トオル,クニシゲ,男,19741123,torukunishige,,http://kunishige-toru.com/,,higa4,10/5,10/5,
Q11423241,土屋品子,土屋,品子,シナコ,ツチヤ,女,19520209,,,http://www.owls.co.jp/shinako/,,hig4,10/5,10/5,
Q11425985,城内実,城内,実,ミノル,キウチ,男,19650419,,,http://www.m-kiuchi.com/,,,,,
Q11427301,堀内詔子,堀内,詔子,ノリコ,ホリウチ,女,19651028,,,http://genkihoriuchi.com/,,,,,
Q11431868,大串正樹,大串,正樹,マサキ,オオグシ,男,19660120,Ogushi_Masaki,,http://www.m-ogushi.com,,,,,
Q11433281,大口善徳,大口,善徳,ヨシノリ,オオグチ,男,19550905,,,http://www.oguchi.gr.jp/,,,,,
Q11434738,大岡敏孝,大岡,敏孝,トシタカ,オオオカ,男,19720416,,,http://oooka.com/,,,,,
Q11438832,大西健介,大西,健介,ケンスケ,オオニシ,男,19710413,oniken0024,,http://oniken-web.jp/,,,,,
Q11438916,大西英男,大西,英男,ヒデオ,オオニシ,男,19460828,,https://www.facebook.com/0024hideo,http://www.onishi-hideo.com/,http://onishi-hideo.homepe.net/report/diary/,ikt2y,10/6,,
Q11438945,大見正,大見,正,セイ,オオミ,男,19580620,ohmisei,,,,,,,
Q11439619,大野敬太郎,大野,敬太郎,ケイタロウ,オオノ,男,19681101,,,http://keitaro-ohno.com/,,,,,
Q11446165,奥野総一郎,奥野,総一郎,ソウイチロウ,オクノ,男,19640715,,,http://www.s-okuno.jp,,,,,
Q11451405,安藤裕,安藤,裕,ヒロシ,アンドウ,男,19650328,andouhiroshi,,http://www.andouhiroshi.jp/,,,,,
Q11453336,宮内秀樹,宮内,秀樹,ヒデキ,ミヤウチ,男,19621019,miyauchihideki,https://www.facebook.com/MiyauchiHideki,http://miyauchihideki.jp/,,,,,
Q11454258,宮崎岳志,宮崎,岳志,タケシ,ミヤザキ,男,19700214,,,http://miya-take.net/,,,,,
Q11454333,宮崎政久,宮崎,政久,マサヒサ,ミヤザキ,男,19650808,,http://www.facebook.com/masahisa.miyazaki.9,http://www.miyazakirin.com/,,,,,
Q11454668,宮川典子,宮川,典子,ノリコ,ミヤガワ,女,19790405,,,http://miyagawanoriko.com/,,,,,
Q11454828,宮本岳志,宮本,岳志,タケシ,ミヤモト,男,19591225,,,http://www.miyamoto-net.net/,,,,,
Q11455005,宮沢博行,宮沢,博行,ヒロユキ,ミヤザワ,男,19750110,,,,,,,,
Q11458942,小倉将信,小倉,将信,マサノブ,オグラ,男,19810530,masanobu_ogura,https://www.facebook.com/ogura.masanobu/,http://www.ogura-m.jp/,http://ameblo.jp/ogura-masanobu/,higa4,10/5,10/5,
Q11459848,小山展弘,小山,展弘,ノブヒロ,コヤマ,男,19751226,,,http://www.n-koyama.com/,,,,,
Q11460163,小島敏文,小島,敏文,トシフミ,コジマ,男,19500907,,,http://kojima-toshifumi.jp/,,,,,
Q11461246,小松裕,小松,裕,ユタカ,コマツ,男,19611203,komatsu_yutaka,,http://www.komatsuyutaka.com/index.html,,higa4,10/5,10/5,
Q11461458,小林史明,小林,史明,フミアキ,コバヤシ,男,19830408,kb2474,https://www.facebook.com/fumiaki.kobayashi.2012,http://fumiaki-kobayashi.jp/,https://fumiaki-kobayashi.jp/,ninofku,10/5,10/5,
Q11461955,小林鷹之,小林,鷹之,タカユキ,コバヤシ,男,19741129,kobahawk,,http://www.kobayashi-takayuki.jp/,,,,,
Q11462582,小泉龍司,小泉,龍司,リュウジ,コイズミ,男,19520917,,,http://ryuji.org/index.php,,,,,
Q11462766,小熊慎司,小熊,慎司,シンジ,オグマ,男,19680616,oguma_shinji,,http://oguma-s.com/,,,,,
Q11462993,小田原きよし,小田原,きよし,キヨシ,オダワラ,男,19640523,odawarakiyoshi,https://www.facebook.com/%E5%B0%8F%E7%94%B0%E5%8E%9F%E3%81%8D%E3%82%88%E3%81%97-319460971405607,http://odawarakiyoshi.jp/,http://ameblo.jp/odawarakiyoshi/,higa4,10/5,10/5,
Q11465449,尾身朝子,尾身,朝子,アサコ,オミ,女,19610426,,,,,,,,
Q11466071,山下貴司,山下,貴司,タカシ,ヤマシタ,男,19650908,yamashita_ok,,http://yamashita-takashi.jp/,,,,,
Q11466249,山井和則,山井,和則,カズノリ,ヤマノイ,男,19620106,yamanoikazunori,,http://www.yamanoi.net/,,,,,
Q11467778,山尾志桜里,山尾,志桜里,シオリ,ヤマオ,女,19740724,ShioriYamao,,http://www.yamaoshiori.jp/,,,,,
Q11469130,山本朋広,山本,朋広,トモヒロ,ヤマモト,男,19750620,ty_polepole,,http://www.yamamoto-tomohiro.com/,,,,,
Q11470608,山田美樹,山田,美樹,ミキ,ヤマダ,女,19740315,yamada_miki,,http://miki-yamada.com/,,,,,
Q11470671,山田賢司,山田,賢司,ケンジ,ヤマダ,男,19660420,ymd_knj,,http://yamada-kenji.com/,,,,,
Q11475456,岩田和親,岩田,和親,カズチカ,イワタ,男,19730920,Kazuchika_Iwata,,http://www.k-iwata.jp/,,,,,
Q11475894,岸本周平,岸本,周平,シュウヘイ,キシモト,男,19560712,shuheikishimoto,https://www.facebook.com/shuheikishimoto.jp,http://shuheikishimoto.jp/,http://blog.shuheikishimoto.jp/,,,,
Q11479573,工藤彰三,工藤,彰三,ショウゾウ,クドウ,男,19641208,kudoshozo,https://www.facebook.com/kudoshozo,http://www.kudoshozo.jp/,,,,,
Q11488572,後藤祐一,後藤,祐一,ユウイチ,ゴトウ,男,19690325,,,http://www.jitsugen.jp/,,,,,
Q11513088,星野剛士,星野,剛士,ツヨシ,ホシノ,男,19630808,hossys,,http://t-stars.com/,,,,,
Q11518048,木下智彦,木下,智彦,トモヒコ,キノシタ,男,19690430,tommykun01,https://www.facebook.com/KinoshitaIshin,http://kinoshita-tomohiko.net/,,,,,
Q11518159,木内均,木内,均,ヒトシ,キウチ,男,19640803,kiuchi_hitoshi,,,,,,,
Q11518163,木内孝胤,木内,孝胤,タカタネ,キウチ,男,19660830,takatanekiuchi?ref_src=twsrc%5Etfw,https://www.facebook.com/takatane.kiuchi,http://www.takatane.com/,,,,,
Q11518220,木原稔,木原,稔,ミノル,キハラ,男,19690812,kihara_minoru,,http://kiharaminoru.jp/,,higa4,10/5,10/5,
Q11518222,木原誠二,木原,誠二,セイジ,キハラ,男,19700608,kihara_seiji,,http://www.kiharaseiji.com/,,higa4,10/5,10/5,
Q11520430,本村賢太郎,本村,賢太郎,ケンタロウ,モトムラ,男,19700417,kentarou450417?ref_src=twsrc%5Etfw,https://www.facebook.com/motomura.kentarou/,http://dpj-kanagawa14.jp/kentarou_motomura/,,,,,
Q11523004,村井英樹,村井,英樹,ヒデキ,ムライ,男,19800514,muraihideki,,http://muraihideki.com/,,,,,
Q11523193,村岡敏英,村岡,敏英,トシヒデ,ムラオカ,男,19600725,muraoka_toshi,,http://www.muraokatoshihide.jp/,,,,,
Q11535033,柿沢未途,柿沢,未途,ミト,カキザワ,男,19710121,310kakizawa,,http://www.310kakizawa.jp/,,,,,
Q11536382,根本幸典,根本,幸典,ユキノリ,ネモト,男,19650221,nemotoyukinori,,http://www.nemotoyukinori.jp/,,,,,
Q11542092,樋口尚也,樋口,尚也,ナオヤ,ヒグチ,男,19710411,,,,,,,,
Q11544051,橋本英教,橋本,英教,ヒデノリ,ハシモト,男,19670828,,,http://hashimoto-hidenori.com/,,,,,
Q11544282,橘慶一郎,橘,慶一郎,ケイイチロウ,タチバナ,男,19610123,,,http://www.t-k1.net/,,,,,
Q11545768,武井俊輔,武井,俊輔,シュンスケ,タケイ,男,19750329,syunsuke_takei,,http://www.s-takei.jp/,,,,,
Q11546026,武村展英,武村,展英,ノブヒデ,タケムラ,男,19720121,nobu_takemura,,http://www.nobuhide.com/,,,,,
Q11546528,武藤貴也,武藤,貴也,タカヤ,ムトウ,男,19790525,takaya_mutou,,http://mutou-takaya.com/,,,,,
Q11546586,武部新,武部,新,アラタ,タケベ,男,19700720,takebearata,,http://takebe-arata.com/,,,,,
Q11547421,比嘉奈津美,比嘉,奈津美,ナツミ,ヒガ,女,19581003,,,,,,,,
Q11551703,池田佳隆,池田,佳隆,ヨシタカ,イケダ,男,19660620,ikeda_0620,,http://ikeda-yoshitaka.jp/,,,,,
Q11552157,池田道孝,池田,道孝,ミチタカ,イケダ,男,19470209,,,,,221daisuke,10/5,10/5,
Q11553342,河井克行,河井,克行,カツユキ,カワイ,男,19630311,,,http://kawaikatsuyuki.com/,,,,,
Q11554229,河野正美,河野,正美,マサミ,カワノ,男,19610630,,,http://www.kawano-masami.com/,,,,,
Q1155448,平野博文,平野,博文,ヒロフミ,ヒラノ,男,19490319,,,http://www.hhirano.jp/,,,,,
Q11556075,津島淳,津島,淳,ジュン,ツシマ,男,19661018,tsushimajun,,,,,,,
Q11558377,浦野靖人,浦野,靖人,ヤスト,ウラノ,男,19730404,uranoyasuto,https://www.facebook.com/urano.yasuto,http://www.uranoyasuto.net/,http://www.uranoyasuto.net,,,,
Q11560960,清水ただし,清水,ただし,タダシ,シミズ,男,19680505,,,http://www.shimizu-tadashi.jp/,,higa4,10/5,10/5,
Q11561908,とかしきなおみ,とかしき,なおみ,ナオミ,トカシキ,女,19620716,naomi_tokashiki,,http://www.tokashiki.gr.jp/,,higa4,10/5,10/5,渡嘉敷奈緒美
Q11562133,渡辺博道,渡辺,博道,ヒロミチ,ワタナベ,男,19500803,,,http://www.hiromichi21.com/,,,,,
Q11562188,渡辺孝一,渡辺,孝一,コウイチ,ワタナベ,男,19571125,,,http://watanabekoichi.jp/,,,,,
Q11566187,濱村進,濱村,進,ススム,ハマムラ,男,19750930,HamamuraSusumu,,http://hamamura-komei.jp/,,,,,
Q11566681,瀬戸隆一,瀬戸,隆一,タカカズ,セト,男,19650802,setotakakazu,,http://www.setojapan.jp/,,,,,
Q11568677,熊田裕通,熊田,裕通,ヒロミチ,クマダ,男,19640828,kumadahiromichi,,http://www.kumada-hiromichi.com/,,,,,
Q11570409,牧島かれん,牧島,かれん,カレン,マキシマ,女,19761101,makishimakaren,,http://makishimakaren.com/,,,,,
Q11572466,玉城デニー,玉城,デニー,デニー,タマキ,男,19591013,tamakidenny,,http://www.d21tamaki.com/,http://gree.jp/tamaki_denny/,,,,
Q11572647,玉木雄一郎,玉木,雄一郎,ユウイチロウ,タマキ,男,19690501,tamakiyuichiro,,http://www.tamakinet.jp/,http://ameblo.jp/tamakiyuichiro/,,,,
Q11576787,田所嘉徳,田所,嘉徳,ヨシノリ,タドコロ,男,19540119,tadokoro_yoshi,,,,,,,
Q11577186,田畑毅,田畑,毅,ツヨシ,タバタ,男,19720502,,,http://www.tabata-tsuyoshi.jp/,,,,,
Q11577205,田畑裕明,田畑,裕明,ヒロアキ,タバタ,男,19730102,,,http://www.tabatahiroaki.com/,,,,,
Q11577481,田野瀬太道,田野瀬,太道,タイドウ,タノセ,男,19740704,,,,,,,,
Q11578505,畑野君枝,畑野,君枝,キミエ,ハタノ,女,19570119,,,http://www.hatano-kimie.jp/,,higa4,10/5,10/5,ウィキペディアでは「1957年1月28日」生まれ
Q11580448,白須賀貴樹,白須賀,貴樹,タカキ,シラスカ,男,19750316,,,http://shirasuka-takaki.com/,,,,,
Q11585604,石崎徹,石崎,徹,トオル,イシザキ,男,19840125,,https://www.facebook.com/ishizaki.tohru,http://www.tohru-ishizaki.com/,,,,,
Q11585840,石川昭政,石川,昭政,アキマサ,イシカワ,男,19720918,,,http://ameblo.jp/ishikawa-akimasa/,,,,,
Q11589528,神山佐市,神山,佐市,サイチ,カミヤマ,男,19540817,,,http://www.kamiyama.ne.jp/,,,,,
Q11589542,神山洋介,神山,洋介,ヨウスケ,カミヤマ,男,19750524,KAMIYAMA_Yosuke,,http://kamiyama-yosuke.com,,,,,
Q11590601,神田憲次,神田,憲次,ケンジ,カンダ,男,19630219,,,http://www.kanda-kenji.jp/,,,,,
Q11592023,福山守,福山,守,マモル,フクヤマ,男,19521219,,,,,,,,
Q11593023,福島伸享,福島,伸享,ノブユキ,フクシマ,男,19700808,,,http://www.fukuchan-japan.com,,,,,
Q11596723,稲津久,稲津,久,ヒサシ,イナツ,男,19580209,,,http://www.inatsu.com/,,,,,
Q11597257,穴見陽一,穴見,陽一,ヨウイチ,アナミ,男,19690724,,,http://anamin.net/,,,,,
Q11598974,竹内譲,竹内,譲,ユズル,タケウチ,男,19580625,takeuchi_yuzuru,,http://www.kid97.co.jp/takeuchi/,,,,,
Q11602573,笹川博義,笹川,博義,ヒロヨシ,ササガワ,男,19660829,,,http://www.sasagawa-hiroyoshi.com/index.php,,,,,
Q11603860,簗和生,簗,和生,カズオ,ヤナ,男,19790422,,,http://www.yanakazuo.jp/index.html,,,,,
Q11606064,細田健一,細田,健一,ケンイチ,ホソダ,男,19640711,hosoda_kenichi,,http://hosoda-kenichi.jp/,,,,,
Q11609955,義家弘介,義家,弘介,ヒロユキ,ヨシイエ,男,19710331,yoshiiehiroyuki,https://www.facebook.com/h.yoshiie,http://www.yoshiie-hiroyuki.com/,,,,,
Q1161024,河野太郎,河野,太郎,タロウ,コウノ,男,19630110,konotarogomame,https://www.facebook.com/pages/%E6%B2%B3%E9%87%8E%E5%A4%AA%E9%83%8E/168727046514485,http://www.taro.org/,,,,,
Q11616618,若狭勝,若狭,勝,マサル,ワカサ,男,19561206,,https://www.facebook.com/wakasamasaru,https://www.wakasamasaru.jp/,http://ameblo.jp/wakasama-saru/,,,,
Q11619136,菅原一秀,菅原,一秀,イッシュウ,スガワラ,男,19620107,sugawaraisshu,https://www.facebook.com/sugawaraisshu,http://www.isshu.net/,,,,,
Q11619261,菅家一郎,菅家,一郎,イチロウ,カンケ,男,19550520,kanke_ichirou,,,,,,,
Q11622647,藤丸敏,藤丸,敏,サトシ,フジマル,男,19600119,,https://www.facebook.com/fujimaru.satoshi,,,,,,
Q11622818,藤井比早之,藤井,比早之,ヒサユキ,フジイ,男,19710911,FujiiHisayuki,,http://fujiihisayuki.jp/,,,,,
Q11623218,藤原崇,藤原,崇,タカシ,フジワラ,男,19830802,iwate_fujiwara,,http://takasi.info/,,,,,
Q11629931,西銘恒三郎,西銘,恒三郎,コウサブロウ,ニシメ,男,19540807,,,http://nishime-k.com/,,,,,
Q11634137,豊田真由子,豊田,真由子,マユコ,トヨタ,女,19741010,toyota_mayuko,https://www.facebook.com/mayuko.toyota2012,,,,,,
Q11635735,赤枝恒雄,赤枝,恒雄,ツネオ,アカエダ,男,19440316,,,,,ikt2y,10/6,,
Q11637002,足立やすし,足立,やすし,ヤスシ,アダチ,男,19651014,adachiyasushi,,http://adachiyasushi.jp/,,higa4,10/5,10/5,
Q11637774,輿水恵一,輿水,恵一,ケイイチ,コシミズ,男,19620204,,,http://www.k-koshimizu.jp/,,,,,
Q11638274,辻清人,辻,清人,キヨト,ツジ,男,19790907,tujikiyoto,https://www.facebook.com/kiyototsujitokyo2nd,http://k-tsuji.jp/,,,,,
Q11642258,遠藤敬,遠藤,敬,タカシ,エンドウ,男,19680606,,,http://blog.livedoor.jp/akitadog/,,,,,
Q11644760,重徳和彦,重徳,和彦,カズヒコ,シゲトク,男,19701221,shigetoku2,https://www.facebook.com/shigetokukazuhiko,http://www.shigetoku.jp/,,,,,
Q11645002,野中厚,野中,厚,アツシ,ノナカ,男,19761117,,,http://www.nonaka-atsushi.com/,,,,,
Q11646016,野田毅,野田,毅,タケシ,ノダ,男,19411003,,,http://www.nodatakeshi.com/,,higa4,10/5,10/5,
Q11646177,野間健,野間,健,タケシ,ノマ,男,19581008,,,,,,,,
Q11646784,金子恵美,金子,恵美,メグミ,カネコ,女,19780227,kanekomegu,https://www.facebook.com/megukin,http://kanekomegumi.net/,,,,,
Q11647123,椎木保,椎木,保,タモツ,シイキ,男,19660704,,,http://shiiki-tamotsu.jp,http://ameblo.jp/ishin-shiiki/,,,,
Q11647681,金田勝年,金田,勝年,カツトシ,カネダ,男,19491004,,,http://www.kaneda-k.com/,,,,,
Q11648868,鈴木憲和,鈴木,憲和,ノリカズ,スズキ,男,19820130,norikazu_suzuki,https://www.facebook.com/suzuki.norikazu.official,http://suzuki-norikazu.com/,https://ameblo.jp/suzuki-norikazu/,ninofku,10/5,10/5,
Q11649031,鈴木淳司,鈴木,淳司,ジュンジ,スズキ,男,19580407,,,http://www.suzukaze.net/,,,,,
Q11649189,鈴木義弘,鈴木,義弘,ヨシヒロ,スズキ,男,19621110,,,http://www.yosshisuzuki.com/,,,,,
Q11651619,長坂康正,長坂,康正,ヤスマサ,ナガサカ,男,19570410,,,http://nagasakayasumasa.mie1.net/,,,,,
Q11651845,長尾敬,長尾,敬,タカシ,ナガオ,男,19621129,,,http://www.tnagao.org/,,,,,
Q11654965,門博文,門,博文,ヒロフミ,カド,男,19650818,kado_wakayama?lang=ja,,,,,,,
Q11661236,青山周平,青山,周平,シュウヘイ,アオヤマ,男,19770428,,,http://www.aoyama-shuhei.jp/,,,,,
Q11661965,青柳陽一郎,青柳,陽一郎,ヨウイチロウ,アオヤギ,男,19690829,aoyagy,https://www.facebook.com/aoyagy.net,http://aoyagy.net/,,,,,
Q11667848,馬場伸幸,馬場,伸幸,ノブユキ,ババ,男,19650127,,,http://baba-nobuyuki.com/index.php,,,,,
Q11668691,高井崇志,高井,崇志,タカシ,タカイ,男,19690926,,,http://www.takaitakashi.com/,,,,,
Q11670038,高木宏寿,高木,宏寿,ヒロヒサ,タカギ,男,19600409,,,,,higa4,10/5,10/5,
Q11671375,高橋ひなこ,高橋,ひなこ,ヒナコ,タカハシ,女,19580119,,https://www.facebook.com/TakahashiHinako,http://takahashihinako.jp/,,higa4,10/5,10/5,高橋比奈子
Q11673487,鬼木誠,鬼木,誠,マコト,オニキ,男,19721016,,https://www.facebook.com/office.onikidon/,http://www.onikidon.com/,,,,,
Q11677736,黄川田仁志,黄川田,仁志,ヒトシ,キカワダ,男,19701013,kikawadahitoshi,,http://www.kikawadahitoshi.jp/,,,,,
Q11678114,黒岩宇洋,黒岩,宇洋,タカヒロ,クロイワ,男,19661013,,,http://www.t-kuroiwa.jp/,,,,,
Q11679075,斎藤健,斎藤,健,ケン,サイトウ,男,19590614,saitou_ken,,http://www.saito-ken.jp/,,higa4,10/5,10/5,
Q1207174,額賀福志郎,額賀,福志郎,フクシロウ,ヌカガ,男,19440111,,,http://www.nukaga-fukushiro.jp/,,ikt2y,10/6,,
Q122465,菅義偉,菅,義偉,ヨシヒデ,スガ,男,19481206,,,http://www.sugayoshihide.gr.jp/,,,,,
Q129149,鈴木克昌,鈴木,克昌,カツマサ,スズキ,男,19431114,katumasa1411,,http://suzuki-katsumasa.jp/index.html,,ikt2y,10/6,,
Q130856,横路孝弘,横路,孝弘,タカヒロ,ヨコミチ,男,19410103,,,http://www.yokomichi.com/,,higa4,10/5,10/5,
Q1315762,松本剛明,松本,剛明,タケアキ,マツモト,男,19590425,,,http://www.m-takeaki.jp/,,,,,
Q132280,前原誠司,前原,誠司,セイジ,マエハラ,男,19620430,,,http://www.maehara21.com/index.php,,,,,
Q132345,安倍晋三,安倍,晋三,シンゾウ,アベ,男,19540921,AbeShinzo,https://www.facebook.com/abeshinzo,http://www.s-abe.or.jp/,,,,,
Q132596,麻生太郎,麻生,太郎,タロウ,アソウ,男,19400920,taro_aso_,,http://www.aso-taro.jp/,,higa4,10/5,10/5,
Q1335527,石破茂,石破,茂,シゲル,イシバ,男,19570204,shigeruishiba,https://www.facebook.com/ishibashigeru,http://www.ishiba.com/,,,,,
Q1336805,松原仁,松原,仁,ジン,マツバラ,男,19560731,,,http://www.jin-m.com/,,,,,
Q1340817,棚橋泰文,棚橋,泰文,ヤスフミ,タナハシ,男,19630211,,,http://www.tanahashi-yasufumi.com/,,,,,
Q1478311,荒井聰,荒井,聰,サトシ,アライ,男,19460527,,https://www.facebook.com/Satoshi.Arai21,http://www.arai21.net/,,ikt2y,10/6,,
Q15220933,新谷正義,新谷,正義,マサヨシ,シンタニ,男,19750308,,https://www.facebook.com/shintani.officialpage,http://shintani-m.jp/,,,,,
Q16263623,秋本真利,秋本,真利,マサトシ,アキモト,男,19750810,akimoto_chiba9,,http://www5a.biglobe.ne.jp/~akimoto/,,,,,
Q16264927,岡本三成,岡本,三成,ミツナリ,オカモト,男,19650505,,,http://www.m-okamoto.jp/,,,,,
Q1654408,稲田朋美,稲田,朋美,トモミ,イナダ,女,19590220,,,http://www.inada-tomomi.com/,,,,,
Q1654639,岩屋毅,岩屋,毅,タケシ,イワヤ,男,19570824,,,http://www.t-iwaya.com,,,,,
Q1655220,下村博文,下村,博文,ハクブン,シモムラ,男,19540523,,,http://www.hakubun.biz/,,,,,
Q1655453,茂木敏充,茂木,敏充,トシミツ,モテギ,男,19551007,moteging,https://www.facebook.com/moteging,http://www.motegi.gr.jp/,,,,,
Q1655755,中川郁子,中川,郁子,ユウコ,ナカガワ,女,19581222,nakagawayuko,,,,,,,
Q1656878,田村憲久,田村,憲久,ノリヒサ,タムラ,男,19641215,,,http://www.tamura-norihisa.jp/,,,,,
Q1656896,宮腰光寛,宮腰,光寛,ミツヒロ,ミヤコシ,男,19501221,,,http://www.mituhiro.com/,,hig4,10/5,10/5,
Q16769971,門山宏哲,門山,宏哲,ヒロアキ,カドヤマ,男,19640903,,,http://www.kadoyama.net/,,,,,
Q16770033,金子万寿夫,金子,万寿夫,マスオ,カネコ,男,19470111,,,http://kanekomasuo.jp/,,221daisuke,10/5,10/5,
Q1689655,川崎二郎,川崎,二郎,ジロウ,カワサキ,男,19471115,,,http://www.kawasaki-jiro.ne.jp/,,221daisuke,10/5,10/5,
Q1704924,根本匠,根本,匠,タクミ,ネモト,男,19510307,,https://www.facebook.com/Nemoto.Official,http://www.t-nemoto.com,,,,,
Q1704969,古屋圭司,古屋,圭司,ケイジ,フルヤ,男,19521101,,,http://www.furuya-keiji.jp/,,,,,
Q1705028,高市早苗,高市,早苗,サナエ,タカイチ,女,19610307,,,,,,,,
Q17158474,今野智博,今野,智博,トモヒロ,コンノ,男,19750725,,,http://ameblo.jp/konnotomohiro/,,,,,
Q17158549,斎藤洋明,斎藤,洋明,ヒロアキ,サイトウ,男,19761208,saito_hiroaki_,,http://www.saitoh-hiroaki.jp/index.html,,,,,
Q17158714,坂本祐之輔,坂本,祐之輔,ユウノスケ,サカモト,男,19550130,nipponniyumeo,,http://www.sakamoto-yunosuke.jp/,,,,,
Q17158871,佐々木紀,佐々木,紀,ハジメ,ササキ,男,19741018,hajime24331,https://www.facebook.com/start.sasaki.hajime,http://sasaki-hajime.jp/,,,,,
Q17159494,島田佳和,島田,佳和,ヨシカズ,シマダ,男,19700508,,,http://y-shimada.jp/,,,,,
Q17160031,鈴木貴子,鈴木,貴子,タカコ,スズキ,女,19860105,,https://www.facebook.com/takakosuzukidaichi,http://www.suzukitakako.jp/,http://ameblo.jp/takakosuzuki/,Yfuruchin,10/5,10/5,
Q17160872,田中英之,田中,英之,ヒデユキ,タナカ,男,19700711,,,http://www.tanakahideyuki.jp/,,,,,
Q17219387,鳩山二郎,鳩山,二郎,ジロウ,ハトヤマ,男,19790101,,https://www.facebook.com/%E9%B3%A9%E5%B1%B1-%E4%BA%8C%E9%83%8E-611761022337730/,https://www.facebook.com/%E9%B3%A9%E5%B1%B1-%E4%BA%8C%E9%83%8E-611761022337730/,,,,,
Q17220479,浜地雅一,浜地,雅一,マサカズ,ハマチ,男,19700508,hamachi_m,https://www.facebook.com/hamachi.masakazu,http://www.hamachi-masakazu.net/,,higa4,10/5,10/5,
Q17223599,松田直久,松田,直久,ナオヒサ,マツダ,男,19540508,,,http://www.n-matsuda.jp/,,,,,
Q1724004,照屋寛徳,照屋,寛徳,カントク,テルヤ,男,19450724,,,http://terukan.blog44.fc2.com/,,ikt2y,10/6,,
Q1737905,石井啓一,石井,啓一,ケイイチ,イシイ,男,19580320,,,http://www.k1-ishii.com/,,,,,
Q1737907,浅尾慶一郎,浅尾,慶一郎,ケイイチロウ,アサオ,男,19640211,asao_keiichiro,,http://www.asao.net/,,,,,
Q1761759,下地幹郎,下地,幹郎,ミキオ,シモジ,男,19610814,,,http://www.mikio.gr.jp/,,,,,
Q18669603,池内沙織,池内,沙織,サオリ,イケウチ,女,19820915,ikeuchi_saori,https://www.facebook.com/saolyn.ikeuchi/,http://www.saori-ikeuchi.com/,,ninofku,10/5,10/5,
Q18700742,梅村早江子,梅村,早江子,サエコ,ウメムラ,女,19640628,,,,,,,,
Q18700919,落合貴之,落合,貴之,タカユキ,オチアイ,男,19790817,ochiaitakayuki,https://www.facebook.com/pages/%E8%90%BD%E5%90%88%E8%B2%B4%E4%B9%8B-%E4%BA%8B%E5%8B%99%E6%89%80%E7%B6%AD%E6%96%B0%E3%81%AE%E5%85%9A-%E6%9D%B1%E4%BA%AC6%E5%8C%BA%E6%94%AF%E9%83%A8-%E4%B8%96%E7%94%B0%E8%B0%B7%E5%8C%BA/1000693033304452,http://www.ochiaitakayuki.com/,http://www.ochiaitakayuki.com/category/blog,,,,
Q18701018,加藤鮎子,加藤,鮎子,アユコ,カトウ,女,19790419,,,http://kato-ayuko.net,,,,,
Q18817349,古田圭一,古田,圭一,ケイイチ,フルタ,男,19570814,,,,,,,,
Q18817567,斉藤和子,斉藤,和子,カズコ,サイトウ,女,19740929,saitokazuko?ref_src=twsrc%5Etfw,https://www.facebook.com/saito9kazuko/?fref=nf,,http://ameblo.jp/saitokazuko/,,,,
Q18817650,島津幸広,島津,幸広,ユキヒロ,シマヅ,男,19561001,,,http://www.jcp-shizuoka.jp/shimazu/,,higa4,10/5,10/5,公式サイトやウィキペディアでは「1956年10月19日生まれ」
Q18817798,田村貴昭,田村,貴昭,タカアキ,タムラ,男,19610430,@TAMURATAKAAKI,https://www.facebook.com/tamuratakaaki?fref=pb&hc_location=profile_browser,http://tamura-takaaki.com/,,,,,
Q18817877,仲里利信,仲里,利信,トシノブ,ナカザト,男,19370316,NakasatoOkinawa,https://www.facebook.com/nakasatookinawa,http://nakasato.okinawa/,,higa4,10/5,10/5,姓はナカ「サ」ト
Q18817972,畠山和也,畠山,和也,カズヤ,ハタヤマ,男,19710820,,,http://hatayamakazuya.com/,http://hatarogu.blogspot.jp/,,,,
Q18818065,藤野保史,藤野,保史,ヤスフミ,フジノ,男,19700604,,,http://fujino.jcpweb.net/,,,,,
Q18818101,堀内照文,堀内,照文,テルフミ,ホリウチ,男,19721102,,,http://www.teru-horiuchi.com/,,,,,
Q18818124,真島省三,真島,省三,ショウゾウ,マジマ,男,19630112,syouzoumajima,https://www.facebook.com/majimasyouzou.jcp/,http://jcp-majimasyouzo.jp,,,,,
Q18818128,升田世喜男,升田,世喜男,セキオ,マスタ,男,19570605,,,http://www.masuta-sekio.com/,,,,,
Q18818200,宮本徹,宮本,徹,トオル,ミヤモト,男,19720122,,,,,,,,
Q18818207,宗清皇一,宗清,皇一,コウイチ,ムネキヨ,男,19700809,,,,,,,,
Q18818221,本村伸子,本村,伸子,ノブコ,モトムラ,女,19721020,,,http://motomura.jcp-aichi.jp/,,,,,
Q18818315,横山博幸,横山,博幸,ヒロユキ,ヨコヤマ,男,19501106,,,http://www.shimin-net.com/,,,,,
Q1906668,中川正春,中川,正春,マサハル,ナカガワ,男,19500610,,,http://www.masaharu.gr.jp/,,,,,
Q1949760,古川元久,古川,元久,モトヒサ,フルカワ,男,19651206,Fullgen,https://www.facebook.com/FurukawaMotohisa,http://www.furukawa.cc/,,,,,
Q1965622,薗浦健太郎,薗浦,健太郎,ケンタロウ,ソノウラ,男,19720603,sonourakentaro,,http://www.sonoken.org/,,,,,
Q1995125,岸信夫,岸,信夫,ノブオ,キシ,男,19590401,KishiNobuo,,http://www.kishi-jpn.com/,http://ameblo.jp/nob-1/,,,,
Q20039047,大隈和英,大隈,和英,カズヒデ,オオクマ,男,19690823,,,http://www.okuma10.com/,,,,,
Q20039110,大西宏幸,大西,宏幸,ヒロユキ,オオニシ,男,19670715,,,http://onishihiroyuki.jp/,,,,,
Q20039172,岡下昌平,岡下,昌平,ショウヘイ,オカシタ,男,19750308,,,http://okashita-shohei.com/,,,,,
Q20039502,神谷昇,神谷,昇,ノボル,カミタニ,男,19490412,,,http://www.noboru-kamitani.com/index.html,,,,,
Q20039675,木村弥生,木村,弥生,ヤヨイ,キムラ,女,19650811,,,,,,,,
Q20040516,篠原豪,篠原,豪,ゴウ,シノハラ,男,19750212,,,http://lets-go-yokohama.jp,,,,,
Q20040828,鈴木隼人,鈴木,隼人,ハヤト,スズキ,男,19770808,,,,,,,,
Q20041303,谷川とむ,谷川,とむ,トム,タニガワ,男,19760427,,,http://tanigawatom.com/,,,,,
Q20041482,角田秀穂,角田,秀穂,ヒデオ,ツノダ,男,19610325,,,http://tsunodahideo.strikingly.com,,,,,
Q20041786,中川康洋,中川,康洋,ヤスヒロ,ナカガワ,男,19680212,,,http://www.jiji.com/jc/2014syu?g=2014syuin&d=18987,,,,,
Q212400,安住淳,安住,淳,ジュン,アズミ,男,19620117,,,http://azumi-jun.jp/index.html,,,,,
Q21655809,真山祐一,真山,祐一,ユウイチ,マヤマ,男,19810604,yuichi_mayama,https://www.facebook.com/%E7%9C%9F%E5%B1%B1%E7%A5%90%E4%B8%80-%E8%A1%86%E8%AD%B0%E9%99%A2%E8%AD%B0%E5%93%A1-424176007747296/,http://mayama-komei.com/,,ninofku,10/5,10/6,
Q21655823,宮路拓馬,宮路,拓馬,タクマ,ミヤジ,男,19791206,,https://www.facebook.com/miyaji.takuma,http://miyaji-takuma.com/,http://s.ameblo.jp/miyaji-takuma/,,,,
Q21655857,吉田豊史,吉田,豊史,トヨフミ,ヨシダ,男,19700410,,,http://toyo23.net,,,,,
Q21703015,吉田宣弘,吉田,宣弘,ノブヒロ,ヨシダ,男,19671208,,,https://www.facebook.com/nobuhiro.yoshida.940,,,,,
Q23907516,和田義明,和田,義明,ヨシアキ,ワダ,男,19711010,,,http://yoshiakiwada.com/,,,,,
Q2484652,竹下亘,竹下,亘,ワタル,タケシタ,男,19461103,,,http://www.takeshita-wataru.com/,,ikt2y,10/6,,
Q2506910,福田達夫,福田,達夫,タツオ,フクダ,男,19670305,,https://www.facebook.com/tatsuo.fukuda.page,,,,,,
Q2576940,古川康,古川,康,ヤスシ,フルカワ,男,19580715,,https://www.facebook.com/55furukawa.yasushi,http://www.power-full.com/,,,,,
Q263777,長妻昭,長妻,昭,アキラ,ナガツマ,男,19600614,nagatsumaakira,https://www.facebook.com/nagatsumaakira,http://naga.tv/,,,,,
Q265174,北川知克,北川,知克,トモカツ,キタガワ,男,19511108,,,http://www.k-tomokatsu.com/,,,,,
Q276275,上川陽子,上川,陽子,ヨウコ,カミカワ,女,19530301,,,http://www.kamikawayoko.net/,,,,,
Q30144920,大平喜信,大平,喜信,ヨシノブ,オオヒラ,男,19780228,,,http://yoshinobuu.exblog.jp/,,,,,
Q3136350,馳浩,馳,浩,ヒロシ,ハセ,男,19610505,,https://www.facebook.com/hasehiroshi.kousiki,http://www.hasenet.org/,,,,,
Q337406,太田昭宏,太田,昭宏,アキヒロ,オオタ,男,19451006,,,http://www.akihiro-ohta.com/,,ikt2y,10/6,,
Q337507,志位和夫,志位,和夫,カズオ,シイ,男,19540729,shiikazuo,,http://www.shii.gr.jp/,,,,,
Q337762,森山裕,森山,裕,ヒロシ,モリヤマ,男,19450408,,,http://www.moriyama-hiroshi.com/,,higa4,10/5,10/5,
Q3435725,福田昭夫,福田,昭夫,アキオ,フクダ,男,19480417,,,http://www16.plala.or.jp/akio417/,,221daisuke,10/5,10/5,
Q3482658,鈴木俊一,鈴木,俊一,シュンイチ,スズキ,男,19530413,,,http://www.suzukishunichi.jp,,,,,
Q359480,岸田文雄,岸田,文雄,フミオ,キシダ,男,19570729,,,http://www.kishida.gr.jp/,,,,,
Q360395,塩崎恭久,塩崎,恭久,ヤスヒサ,シオザキ,男,19501107,yasu_shio,,http://www.y-shiozaki.or.jp/,,,,,
Q382231,金子一義,金子,一義,カズヨシ,カネコ,男,19421220,,,,,ikt2y,10/6,,
Q382311,河村建夫,河村,建夫,タケオ,カワムラ,男,19421110,,https://www.facebook.com/tspark.net,http://www.tspark.net/,,ikt2y,10/6,,
Q388496,馬淵澄夫,馬淵,澄夫,スミオ,マブチ,男,19600823,mabuchi_sumio,,http://www.mabuti.net/,,,,,
Q405085,平沼赳夫,平沼,赳夫,タケオ,ヒラヌマ,男,19390803,,,http://www.hiranuma.org/,,higa4,10/5,10/5,
Q405527,衛藤征士郎,衛藤,征士郎,セイシロウ,エトウ,男,19410429,etoseishiro,https://www.facebook.com/SeishiroEto,http://www.seishiro.jp,http://www.youtube.com/user/SeishiroEto,higa4,10/5,10/5,
Q405533,辻元清美,辻元,清美,キヨミ,ツジモト,女,19600428,,,http://www.kiyomi.gr.jp/,,,,,
Q418119,大畠章宏,大畠,章宏,アキヒロ,オオハタ,男,19471005,,,http://www.oohata.com/,,221daisuke,10/5,10/5,
Q418675,甘利明,甘利,明,アキラ,アマリ,男,19490827,,,http://www.amari-akira.com/,,,,,
Q455848,小渕優子,小渕,優子,ユウコ,オブチ,女,19731211,,,http://www.obuchiyuko.com/,,,,,
Q457774,園田博之,園田,博之,ヒロユキ,ソノダ,男,19420219,,,http://www.sonoda-hiroyuki.jp/,,ikt2y,10/6,,
Q459698,野田聖子,野田,聖子,セイコ,ノダ,女,19600903,,,http://www.noda-seiko.gr.jp/,,,,,
Q459998,小沢一郎,小沢,一郎,イチロウ,オザワ,男,19420524,ozawa_jimusho,,http://www.ozawa-ichiro.jp/,,ikt2y,10/6,,
Q463331,谷垣禎一,谷垣,禎一,サダカズ,タニガキ,男,19450307,tanigaki_s,,http://www.tanigaki-s.net/,,ikt2y,10/6,,
Q467453,逢沢一郎,逢沢,一郎,イチロウ,アイサワ,男,19540610,ichiroaisawa,,http://www.aisawa.net/,,,,,
Q4700938,西村明宏,西村,明宏,アキヒロ,ニシムラ,男,19600716,,,http://www.a-nishimura.jp/,,,,,
Q4700952,長島昭久,長島,昭久,アキヒサ,ナガシマ,男,19620217,nagashima21,https://www.facebook.com/aki.nagashima21/,http://www.nagashima21.net/,http://blog.goo.ne.jp/nagashima21/,,,,
Q4701145,笠井亮,笠井,亮,アキラ,カサイ,男,19521015,akibacsi,,http://www.kasai-akira.jp/,,,,,
Q472792,高木義明,高木,義明,ヨシアキ,タカキ,男,19451222,,,http://www.y-takaki.jp/,,ikt2y,10/6,,
Q47846,菅直人,菅,直人,ナオト,カン,男,19461010,NaotoKan,https://www.facebook.com/naoto.kan.offical,http://www.n-kan.jp/,,ikt2y,10/6,,
Q4803390,三原朝彦,三原,朝彦,アサヒコ,ミハラ,男,19470523,,,http://www.mihara.gr.jp/,,221daisuke,10/5,10/5,
Q4817826,大島敦,大島,敦,アツシ,オオシマ,男,19561221,,,http://www.oshimaatsushi.com/,http://www.oshimaatsushi.com/blog,higa4,10/5,10/5,
Q49875,階猛,階,猛,タケシ,シナ,男,19661007,shinatakeshi,,http://www.shina.jp/,,higa4,10/5,10/5,
Q49936,井上義久,井上,義久,ヨシヒサ,イノウエ,男,19470724,,,http://www.yoshihisa.gr.jp/,,221daisuke,10/5,10/5,
Q49943,近藤洋介,近藤,洋介,ヨウスケ,コンドウ,男,19650519,,https://www.facebook.com/kondo21,http://www.kondo21.com/,,,,,
Q49949,吉野正芳,吉野,正芳,マサヨシ,ヨシノ,男,19480808,,,http://www.myoshino.com/,,,,,
Q49969,小野寺五典,小野寺,五典,イツノリ,オノデラ,男,19600505,itsunori510,,http://www.itsunori.com/,http://www.itsunori.com/contents/report.html,,,,
Q49988,御法川信英,御法川,信英,ノブヒデ,ミノリカワ,男,19640525,,,http://minorikawa.jp/,,higa4,10/5,10/5,
Q49996,秋葉賢也,秋葉,賢也,ケンヤ,アキバ,男,19620703,akibakenya,,http://www.akiba21.net/,,,,,
Q49998,大島理森,大島,理森,タダモリ,オオシマ,男,19460906,tadamori_oshima,https://www.facebook.com/tadamori.oshima,http://www.morry.jp/,,ikt2y,10/6,,
Q49999,江渡聡徳,江渡,聡徳,アキノリ,エト,男,19551012,eto_akinori,,http://www.eto-akinori.jp/,,,,,
Q506730,石原宏高,石原,宏高,ヒロタカ,イシハラ,男,19640619,ishiharahirotak,,http://www.ishihara-hirotaka.com/,,,,,
Q5100105,西村智奈美,西村,智奈美,チナミ,ニシムラ,女,19670113,,,http://www.chinami.net/,,,,,
Q5102671,高橋千鶴子,高橋,千鶴子,チヅコ,タカハシ,女,19590916,chiduko916,,http://www.chiduko.gr.jp/,,,,,
Q513317,岡田克也,岡田,克也,カツヤ,オカダ,男,19530714,okada_katsuya,https://www.facebook.com/katsuyaokada,http://www.katsuya.net/,http://katsuya.weblogs.jp/,,,,
Q516232,阿部知子,阿部,知子,トモコ,アベ,女,19480424,abe_tomoko,,http://www.abetomoko.jp/,,221daisuke,10/5,10/5,
Q5209617,山際大志郎,山際,大志郎,ダイシロウ,ヤマギワ,男,19680912,yamagiwa001,https://www.facebook.com/yamagiwadaishiro.office,http://www.yamagiwa-daishiro.jp/,http://blog.goo.ne.jp/yamagiwa-daishiro_001/,,,,
Q529792,新藤義孝,新藤,義孝,ヨシタカ,シンドウ,男,19580120,shindo_y,,http://www.shindo.gr.jp/,,,,,
Q5349200,鷲尾英一郎,鷲尾,英一郎,エイイチロウ,ワシオ,男,19770103,,https://www.facebook.com/pages/%E9%B7%B2%E5%B0%BE-%E8%8B%B1%E4%B8%80%E9%83%8E/211206912260888,http://www.washio-e.jp/,,higa4,10/5,10/5,
Q5371065,金子恵美,金子,恵美,エミ,カネコ,女,19650707,,,http://kaneko-emi.com/,,higa4,10/5,10/5,
Q548239,原口一博,原口,一博,カズヒロ,ハラグチ,男,19590702,kharaguchi,https://www.facebook.com/kharagucih,http://haraguti.com/,,,,,
Q5508556,松本文明,松本,文明,フミアキ,マツモト,男,19490325,,,http://www.f-matsumoto.net/,,,,,
Q5517695,橋本岳,橋本,岳,ガク,ハシモト,男,19740205,ga9_h,,http://www.ga9.jp/,,,,,
Q5530859,中谷元,中谷,元,ゲン,ナカタニ,男,19571014,,https://www.facebook.com/gen.nakatani.1,http://www.nakatanigen.com/,,,,,
Q5533162,佐田玄一郎,佐田,玄一郎,ゲンイチロウ,サタ,男,19521222,,,http://www.sata-genichiro.jp/index.html,,hig4,10/5,10/5,
Q5637084,小此木八郎,小此木,八郎,ハチロウ,オコノギ,男,19650622,,,http://www.hachirou.com/,,,,,
Q5639959,船田元,船田,元,ハジメ,フナダ,男,19531122,,https://www.facebook.com/hajime.funada,http://www.funada.org/,,hig4,10/5,10/5,
Q5680924,松本洋平,松本,洋平,ヨウヘイ,マツモト,男,19730831,matsumoto_yohei,,http://www012.upp.so-net.ne.jp/yohei/,,,,,
Q5752395,牧原秀樹,牧原,秀樹,ヒデキ,マキハラ,男,19710604,hmakihara,https://www.facebook.com/HidekiMacky,http://hmacky.net/,,higa4,10/5,10/5,
Q5752415,丹羽秀樹,丹羽,秀樹,ヒデキ,ニワ,男,19721220,niwahideki,,http://www.2wa.jp/,,higa4,10/5,10/5,
Q57647,野田佳彦,野田,佳彦,ヨシヒコ,ノダ,男,19570520,,,http://www.nodayoshi.gr.jp/,,,,,
Q5770152,笠浩史,笠,浩史,ヒロフミ,リュウ,男,19650103,,,http://www.ryu-h.net/,,,,,
Q5770251,松野博一,松野,博一,ヒロカズ,マツノ,男,19620913,,https://www.facebook.com/pages/%E6%9D%BE%E9%87%8E%E5%8D%9A%E4%B8%80/326565974070639,http://www.hiro-matsuno.net/,,higa4,10/5,10/5,
Q5770815,平口洋,平口,洋,ヒロシ,ヒラグチ,男,19480801,,,http://www.hiraguchi.com/,,higa4,10/5,10/5,
Q5770884,梶山弘志,梶山,弘志,ヒロシ,カジヤマ,男,19551018,kajiyamahiroshi,,http://www.kajiyama-office.com/,,higa4,10/5,10/5,
Q5771003,大串博志,大串,博志,ヒロシ,オオグシ,男,19650831,,,http://www.oogushi.com/,http://blog.livedoor.jp/hiroshi_fromsaga/,,,,
Q58213,玄葉光一郎,玄葉,光一郎,コウイチロウ,ゲンバ,男,19640520,,,http://www.kgenba.com/,,,,,
Q582685,赤松広隆,赤松,広隆,ヒロタカ,アカマツ,男,19480503,,,http://www.akamatsu-hirotaka.jp/,,,,,
Q5986289,宮下一郎,宮下,一郎,イチロウ,ミヤシタ,男,19580801,,,http://www.m-ichiro.jp/,,,,,
Q6088170,田島一成,田島,一成,イッセイ,タジマ,男,19620615,,,http://www.tajimaissei.com/,,,,,
Q6102348,吉田泉,吉田,泉,イズミ,ヨシダ,男,19490226,,,http://www.y-izumi.jp/,http://izumidaily.blog27.fc2.com/,,,,
Q6140382,緒方林太郎,緒方,林太郎,リンタロウ,オガタ,男,19730108,,,http://rinta.jp/,,,,,
Q614464,竹本直一,竹本,直一,ナオカズ,タケモト,男,19401123,NaokazuTakemoto,,http://www.takemotonaokazu.com/,,higa4,10/5,10/5,
Q614476,伊藤達也,伊藤,達也,タツヤ,イトウ,男,19610706,,,http://www.tatsuyaito.com/,,,,,
Q6203082,赤間二郎,赤間,二郎,ジロウ,アカマ,男,19680327,akama_jiro,,http://www.akama.jp/,,,,,
Q6311513,松本純,松本,純,ジュン,マツモト,男,19500411,junmatsumoto411,,http://www.jun.or.jp/,,,,,
Q6314413,小川淳也,小川,淳也,ジュンヤ,オガワ,男,19710418,junyaog,,http://www.junbo.org/,,higa4,10/5,10/5,
Q6360573,田嶋要,田嶋,要,カナメ,タジマ,男,19610922,kanametajima,,http://www.k-tajima.net/,,higa4,10/5,10/5,
Q6378065,平沢勝栄,平沢,勝栄,カツエイ,ヒラサワ,男,19450904,katsueihirasawa,https://www.facebook.com/hirasawakatuei,,,ikt2y,10/6,,
Q6378155,加藤勝信,加藤,勝信,カツノブ,カトウ,男,19551122,katsunobukato,,http://www.katokatsunobu.net/,,,,,
Q6381578,太田和美,太田,和美,カズミ,オオタ,女,19790828,,,http://www.kazumi.ms/,,higa4,10/5,10/5,
Q6381615,田中和徳,田中,和徳,カズノリ,タナカ,男,19490121,,,http://www.tanaka-kazunori.com,,,,,
Q6381645,北側一雄,北側,一雄,カズオ,キタガワ,男,19530302,kitagawa_kazuo,https://www.facebook.com/kitagawasakai,http://www.kitagawa-sakai.jp/,,,,,
Q6381788,赤羽一嘉,赤羽,一嘉,カズヨシ,アカバ,男,19580507,AKBhyogo2ku,,http://www.akaba-now.com/,,higa4,10/5,10/5,
Q6381814,中根一幸,中根,一幸,カズユキ,ナカネ,男,19690711,,,http://www.nakane-kazuyuki.com/,,higa4,10/5,10/5,
Q6383605,桝屋敬悟,桝屋,敬悟,ケイゴ,マスヤ,男,19510403,,,http://www.komei.or.jp/km/masuya-keigo/,http://www.komei.or.jp/,,,,
Q6383646,穀田恵二,穀田,恵二,ケイジ,コクタ,男,19470111,kokutakeiji,https://www.facebook.com/kokutakeiji,http://www.kokuta-keiji.jp/,,221daisuke,10/5,10/5,
Q6383690,永岡桂子,永岡,桂子,ケイコ,ナガオカ,女,19531208,,,http://keiko-nagaoka.jp/,,,,,
Q6383814,北神圭朗,北神,圭朗,ケイロウ,キタガミ,男,19670201,,,http://www.kitagami.gr.jp/,,,,,
Q6383909,鈴木馨祐,鈴木,馨祐,ケイスケ,スズキ,男,19770209,,,http://www.suzukikeisuke.jp/,,,,,
Q6383911,津村啓介,津村,啓介,ケイスケ,ツムラ,男,19711027,,,http://www.tsumura.org/,,higa4,10/5,10/5,
Q6389276,上野賢一郎,上野,賢一郎,ケンイチロウ,ウエノ,男,19650803,ueno_kenichiro,,http://uenokenichiro.jp/,,,,,
Q6389323,江田憲司,江田,憲司,ケンジ,エダ,男,19560428,edaoffice,,http://www.eda-k.net/,,,,,
Q6389383,若宮健嗣,若宮,健嗣,ケンジ,ワカミヤ,男,19610902,wakamiya7788,,http://k-wakamiya.com/,,higa4,10/5,10/5,
Q6389412,松木謙公,松木,謙公,ケンコウ,マツキ,男,19590222,,,http://kenko-matsuki.jp/,,,,,
Q6391984,泉健太,泉,健太,ケンタ,イズミ,男,19740729,,,http://www.ikenta.net/,,,,,
Q6416606,中村喜四郎,中村,喜四郎,キシロウ,ナカムラ,男,19490410,,,,,,,,
Q6418998,遠山清彦,遠山,清彦,キヨヒコ,トオヤマ,男,19690605,kiyohiko_toyama,,http://www.toyamakiyohiko.com/,,,,,
Q6426211,萩生田光一,萩生田,光一,コウイチ,ハギウダ,男,19630831,,,http://www.ko-1.jp/,,,,,
Q6426239,武正公一,武正,公一,コウイチ,タケマサ,男,19610323,takemasakoichi,https://www.facebook.com/takemasatoday,http://takemasa-k.jp,http://ameblo.jp/takemasa-koichi/,,,,
Q6426240,谷公一,谷,公一,コウイチ,タニ,男,19520128,,,http://www.tanikouichi.jp/,,,,,
Q6426244,山本公一,山本,公一,コウイチ,ヤマモト,男,19470904,,,http://www.netwave.or.jp/~kochan-y/,,221daisuke,10/5,10/5,
Q6433881,長崎幸太郎,長崎,幸太郎,コウタロウ,ナガサキ,男,19680818,,,http://nagasakikotaro.jp/,,,,,
Q6435116,西川公也,西川,公也,コウヤ,ニシカワ,男,19421226,,,http://www.nishikawa-koya.com,http://nishikawa-koya.com/katsudouhoukoku/,ikt2y,10/6,,
Q6435368,山本幸三,山本,幸三,コウゾウ,ヤマモト,男,19480808,,,http://www.yamamotokozo.com/,,,,,
Q653000,近藤昭一,近藤,昭一,ショウイチ,コンドウ,男,19580526,,,http://www.kon-chan.org/,,,,,
Q661410,小泉進次郎,小泉,進次郎,シンジロウ,コイズミ,男,19810414,,https://www.facebook.com/shinjiro.koizumi,http://shinjiro.info/,http://ameblo.jp/koizumi-shinjiro/,ninofku,10/6,10/6,
Q6739516,菊田真紀子,菊田,真紀子,マキコ,キクタ,女,19691024,,,http://www.kikuta-makiko.net/,,,,,
Q6746574,坂井学,坂井,学,マナブ,サカイ,男,19650904,sakai_manabu,,http://www.sakaimanabu.com/,,,,,
Q6746585,寺田学,寺田,学,マナブ,テラタ,男,19760920,,,http://www.manabu.jp/,,higa4,10/5,10/5,
Q6782264,平将明,平,将明,マサアキ,タイラ,男,19670221,TAIRAMASAAKI,,http://www.taira-m.jp/,,,,,
Q6782350,柴山昌彦,柴山,昌彦,マサヒコ,シバヤマ,男,19651205,shiba_masa,,http://www.shibamasa.net/,,,,,
Q6782366,今村雅弘,今村,雅弘,マサヒロ,イマムラ,男,19470105,,,http://www.imamura-masahiro.com/,,ikt2y,10/6,,
Q6782391,盛山正仁,盛山,正仁,マサヒト,モリヤマ,男,19531214,,,http://www.moriyama-hashiru.jp/,,,,,
Q6782673,水戸将史,水戸,将史,マサシ,ミト,男,19620728,,,http://www3.to/kickoff,,,,,
Q6782686,土屋正忠,土屋,正忠,マサタダ,ツチヤ,男,19420113,,,http://www.tsuchiya-masatada.com,http://blog.livedoor.jp/shugiin08846/,ikt2y,10/6,,
Q6782738,石田真敏,石田,真敏,マサトシ,イシダ,男,19520411,,https://www.facebook.com/pages/%E8%A1%86%E8%AD%B0%E9%99%A2%E8%AD%B0%E5%93%A1-%E7%9F%B3%E7%94%B0%E7%9,http://www.ishida-masatoshi.net/,http://blog.livedoor.jp/ishida_masatoshi_net/,hig4,10/5,10/5,FBはアクセス不可
Q6782819,後藤田正純,後藤田,正純,マサズミ,ゴトウダ,男,19690805,,https://www.facebook.com/gotoda.masazumi,http://www.gotoda.com/,,,,,
Q6837950,高木美智代,高木,美智代,ミチヨ,タカギ,女,19520913,,,http://www.michiyo-t.com/,,,,,
Q6837954,柚木道義,柚木,道義,ミチヨシ,ユノキ,男,19720528,,,http://www.yuzu.jp/,,,,,
Q6842917,松島みどり,松島,みどり,ミドリ,マツシマ,女,19560715,matusimamidori,,http://www.matsushima-midori.jp/,,,,,
Q6864590,福田峰之,福田,峰之,ミネユキ,フクダ,男,19640408,fukudamineyuki,https://www.facebook.com/fukudamineyuki,http://fukudamineyuki.com,,higa4,10/5,10/5,
Q6869306,寺田稔,寺田,稔,ミノル,テラダ,男,19580124,terada124,,http://www.teradaminoru.com/,,,,,
Q6883317,岡本充功,岡本,充功,ミツノリ,オカモト,男,19710618,,https://www.facebook.com/okamotomitsunori/,http://www.mitsunori.net/,,,,,
Q697969,高村正彦,高村,正彦,マサヒコ,コウムラ,男,19420315,,,http://www.koumura.net/,,ikt2y,10/6,,
Q704345,山口壯,山口,壯,ツヨシ,ヤマグチ,男,19541003,,,http://www.mission21.gr.jp/,,higa4,10/5,10/5,
Q7051265,古屋範子,古屋,範子,ノリコ,フルヤ,女,19560514,noriko_furuya,,http://www.furuya-noriko.com/,,,,,
Q7051315,三ツ矢憲生,三ツ矢,憲生,ノリオ,ミツヤ,男,19501213,,,http://www.mitsuya-norio.com/,,,,,
Q7051352,石田祝稔,石田,祝稔,ノリトシ,イシダ,男,19510901,,,,,,,,
Q729599,伊吹文明,伊吹,文明,ブンメイ,イブキ,男,19380109,,https://www.facebook.com/pages/%E4%BC%8A%E5%90%B9-%E6%96%87%E6%98%8E/306388919504640,http://www.ibuki-bunmei.org/,,higa4,10/5,10/5,
Q730991,鴨下一郎,鴨下,一郎,イチロウ,カモシタ,男,19490116,,,http://www.kamoshita.gr.jp/,,,,,
Q732087,枝野幸男,枝野,幸男,ユキオ,エダノ,男,19640531,,,http://www.edano.gr.jp/,,,,,
Q7385320,赤沢亮正,赤沢,亮正,リョウセイ,アカザワ,男,19601218,ryosei_akazawa,https://www.facebook.com/akazawa.ryosei,http://www.ryosei-akazawa.com/,http://ameblo.jp/ryosei-akazawa/,,,,
Q7385322,田中良生,田中,良生,リョウセイ,タナカ,男,19631111,Tanaka_Ryosei,,http://www.tanaka-ryosei.com,http://blog.tanaka-ryosei.com/,,,,
Q7385342,武田良太,武田,良太,リョウタ,タケダ,男,19680401,,,http://www.ryota.gr.jp/,,,,,
Q7446686,北村誠吾,北村,誠吾,セイゴ,キタムラ,男,19470129,,,http://www.seigo.info/,,221daisuke,10/5,10/5,
Q7446719,村上誠一郎,村上,誠一郎,セイイチロウ,ムラカミ,男,19520511,,,,,,,,
Q7446737,逢坂誠二,逢坂,誠二,セイジ,オオサカ,男,19590424,,,http://www.ohsaka.jp,,,,,
Q7446761,赤嶺政賢,赤嶺,政賢,セイケン,アカミネ,男,19471218,akamineseiken,,,,221daisuke,10/5,10/5,
Q7477634,中谷真一,中谷,真一,シンイチ,ナカタニ,男,19760930,,,http://www.nakatani.tv/,,,,,
Q7496342,佐藤茂樹,佐藤,茂樹,シゲキ,サトウ,男,19590608,shigeki3468,,http://sato-shigeki.com/,,,,,
Q7496361,北村茂男,北村,茂男,シゲオ,キタムラ,男,19451108,,,http://kitamura-shigeo.com/,,ikt2y,10/6,,
Q7496422,後藤茂之,後藤,茂之,シゲユキ,ゴトウ,男,19551209,,,http://www.510.to/,,,,,
Q7496423,富田茂之,富田,茂之,シゲユキ,トミタ,男,19531001,,,http://www.shigeyuki-tomita.com/,,,,,
Q7497524,古本伸一郎,古本,伸一郎,シンイチロウ,フルモト,男,19650311,,,http://www.s-furumoto.net/,http://ameblo.jp/s-furumoto/,,,,
Q7497583,井上信治,井上,信治,シンジ,イノウエ,男,19691007,,,http://www.inoue-s.jp/,,,,,
Q7497769,奥野信亮,奥野,信亮,シンスケ,オクノ,男,19440305,,,http://www.okunoshinsuke.jp/,,ikt2y,10/6,,
Q7497782,伊藤信太郎,伊藤,信太郎,シンタロウ,イトウ,男,19530506,,,http://www.ito-sintaro.jp/,,,,,
Q7504421,渡辺周,渡辺,周,シュウ,ワタナベ,男,19611211,,,http://www.watanabeshu.org/,,,,,
Q7504756,高鳥修一,高鳥,修一,シュウイチ,タカトリ,男,19600929,takatorishuichi,,http://www.takatori.jp/,,higa4,10/5,10/5,
Q7504802,吉良州司,吉良,州司,シュウジ,キラ,男,19580316,,,http://www.kirashuji.com/,,,,,
Q7505080,山口俊一,山口,俊一,シュンイチ,ヤマグチ,男,19500228,,,http://www.yamashun.jp/,,,,,
Q7505129,務台俊介,務台,俊介,シュンスケ,ムタイ,男,19560703,mutaishunsuke,,http://www.mutai-shunsuke.jp/,,higa4,10/5,10/5,
Q7674280,伊藤忠彦,伊藤,忠彦,タダヒコ,イトウ,男,19640711,,,http://tadahiko-itoh.com/,,,,,
Q7676160,山口泰明,山口,泰明,タイメイ,ヤマグチ,男,19481110,taimei1,,http://www.taimei.tv/,,,,,
Q7677066,佐々木隆博,佐々木,隆博,タカヒロ,ササキ,男,19490310,sasaki_stop_tpp,https://www.facebook.com/takahiro.sasaki.54966,http://sasaki.tesio.net/,,,,,
Q7677156,吉川貴盛,吉川,貴盛,タカモリ,ヨシカワ,男,19501020,,https://www.facebook.com/takamori.yoshikawa,http://tyoshikawa.com/,,higa4,10/5,10/5,
Q7677226,越智隆雄,越智,隆雄,タカオ,オチ,男,19640227,ochitakao,https://www.facebook.com/takao.ochi,http://ochi-takao.jp/,,,,,
Q7677320,石関貴史,石関,貴史,タカシ,イシゼキ,男,19720218,,,http://www.ishizeki.jp/,,,,,
Q7677366,大塚高司,大塚,高司,タカシ,オオツカ,男,19640911,,,http://www.otsuka001.com,,,,,
Q7677369,篠原孝,篠原,孝,タカシ,シノハラ,男,19480717,,,http://www.shinohara21.com/blog/,,higa4,10/5,10/5,
Q7677383,谷畑孝,谷畑,孝,タカシ,タニハタ,男,19470110,,,http://www.tanihata.net/,,221daisuke,10/5,10/5,
Q7678527,江藤拓,江藤,拓,タク,エトウ,男,19600701,,,http://eto-taku.jp/,http://etotaku.exblog.jp,,,,
Q7678536,大塚拓,大塚,拓,タク,オオツカ,男,19730614,,,http://otsukataku.jp,,,,,
Q7678543,山本拓,山本,拓,タク,ヤマモト,男,19520707,yamamoto_taku,https://www.facebook.com/takunetwork,http://yamamototaku.jp/,,hig4,10/5,10/5,
Q7678622,平井たくや,平井,たくや,タクヤ,ヒライ,男,19580125,hiratakuchan,,http://www.hirataku.com/,,higa4,10/5,10/5,平井卓也
Q7705291,福井照,福井,照,テル,フクイ,男,19531214,,,http://www.fukuiteru.com/,,hig4,10/5,10/5,
Q7706881,江崎鐵磨,江崎,鐵磨,テツマ,エサキ,男,19430917,,,http://www.tetsuma-net.com/,,higa4,10/5,10/5,
Q7706925,坂本哲志,坂本,哲志,テツシ,サカモト,男,19501106,,,http://www.tetusi.com/,,,,,
Q7706956,塩川鉄也,塩川,鉄也,テツヤ,シオカワ,男,19611218,ShiokawaTetsuya,https://www.facebook.com/shiokawa.jcp,http://www.shiokawa-tetsuya.jp/,,,,,
Q7820173,浮島とも子,浮島,とも子,トモコ,ウキシマ,女,19630201,Tomo_Ukishima,,http://www.t-ukishima.net/,,,,,
Q7827415,黄川田徹,黄川田,徹,トオル,キカワダ,男,19531014,,,http://www.kikawada.com/,,,,,
Q7827620,遠藤利明,遠藤,利明,トシアキ,エンドウ,男,19500117,,https://www.facebook.com/endo.toshiaki0117,http://www.e-toshiaki.jp/,,higa4,10/5,10/5,
Q7827692,あべ俊子,あべ,俊子,トシコ,アベ,女,19590519,abetoshiko,,http://www.abetoshiko.com/,,higa4,10/5,10/5,
Q784087,伴野豊,伴野,豊,ユタカ,バンノ,男,19610101,,,http://www.ban-chan.com/,,,,,
Q7850039,秋元司,秋元,司,ツカサ,アキモト,男,19711023,akimoto_tsukasa,https://www.facebook.com/pages/%E3%81%82%E3%81%8D%E3%82%82%E3%81%A8-%E5%8F%B8/223238454405419,http://www.akimoto-web.jp/,,,,,
Q7850337,冨岡勉,冨岡,勉,ツトム,トミオカ,男,19480704,,,http://www.dream-nagasaki.jp/tomioka.htm,,,,,
Q7850389,高木毅,高木,毅,ツヨシ,タカギ,男,19560116,,,http://www.takagitsuyoshi.com/,http://ameblo.jp/takagituyosi/,higa4,10/5,10/5,
Q7862709,土井亨,土井,亨,トオル,ドイ,男,19580812,doitooru812,,http://www.doi-toru.com/,,,,,
Q786752,保岡興治,保岡,興治,オキハル,ヤスオカ,男,19390511,,https://www.facebook.com/o.yasuoka,http://www.yasuoka.org/,,higa4,10/5,10/5,
Q7973013,伊藤渉,伊藤,渉,ワタル,イトウ,男,19691113,ito_wataru,,http://www.ito-wataru.com/,http://www.ito-wataru.com/blog/,,,,
Q8046971,谷川弥一,谷川,弥一,ヤイチ,タニガワ,男,19410812,,,http://www.tanigawa81.jp/,,higa4,10/5,10/5,
Q8049965,中山泰秀,中山,泰秀,ヤスヒデ,ナカヤマ,男,19701014,iloveyatchan,,,,,,,
Q8049977,葉梨康弘,葉梨,康弘,ヤスヒロ,ハナシ,男,19591012,,,http://www.hanashiyasuhiro.com/,,higa4,10/5,10/5,
Q8049988,小里泰弘,小里,泰弘,ヤスヒロ,オザト,男,19580929,,,http://yasuhiro.ozato.info/,,,,,
Q8050022,小宮山泰子,小宮山,泰子,ヤスコ,コミヤマ,女,19650425,komiyama_yasko,,http://www.yasko.net/,,,,,
Q8050092,金子恭之,金子,恭之,ヤスシ,カネコ,男,19610227,nekotanchan,,http://www.kaneko-yasushi.com/,,,,,
Q8050121,西村康稔,西村,康稔,ヤストシ,ニシムラ,男,19621015,nishy03,,http://www.yasutoshi.jp/,,,,,
Q8050128,江田康幸,江田,康幸,ヤスユキ,エダ,男,19560319,,,http://www.eda-yasuyuki.net/,,,,,
Q8054534,武藤容治,武藤,容治,ヨウジ,ムトウ,男,19551018,mutouyouji,,http://www.mutou-youji.jp/,,,,,
Q8055323,松野頼久,松野,頼久,ヨリヒサ,マツノ,男,19600919,,,http://www.matsuno-yorihisa.com/,,,,,
Q8055970,原田義昭,原田,義昭,ヨシアキ,ハラダ,男,19441001,yoshiaki_harada,,http://www.y-harada.com/,,ikt2y,10/6,,
Q8056061,関芳弘,関,芳弘,ヨシヒロ,セキ,男,19650607,sekiyoshihiro,,http://www.3ku-seki.com,http://fukuroh.exblog.jp/,,,,
Q8056070,古川禎久,古川,禎久,ヨシヒサ,フルカワ,男,19650803,,,http://www.furukawa-yoshihisa.com/,,,,,
Q8056240,牧義夫,牧,義夫,ヨシオ,マキ,男,19580114,,,http://www.makiyoshio.jp/,,,,,
Q8056243,望月義夫,望月,義夫,ヨシオ,モチヅキ,男,19470502,,,http://www.m-yoshio.com/,,221daisuke,10/5,10/5,
Q8056255,漆原良夫,漆原,良夫,ヨシオ,ウルシバラ,男,19441118,,,http://www.urusan.net/,,ikt2y,10/6,,
Q8056290,桜田義孝,桜田,義孝,ヨシタカ,サクラダ,男,19491220,ysakurada,http://www.facebook.com/yoshitaka.sakurada,http://www.sakurada-yoshitaka.com,,higa4,10/5,10/5,
Q8056299,亀岡偉民,亀岡,偉民,ヨシタミ,カメオカ,男,19550910,kameokayositami,,http://www.kameokayoshitami.com/,,higa4,10/5,10/5,
Q8060529,山本有二,山本,有二,ユウジ,ヤマモト,男,19520511,,,http://www.yamamotoyuji.com/,,,,,
Q8060577,佐藤ゆかり,佐藤,ゆかり,ユカリ,サトウ,女,19610819,SatoYukari,,http://www.satoyukari.jp/home/,,,,,
Q8062685,高木陽介,高木,陽介,ヨウスケ,タカギ,男,19591216,,,http://www.takagi21.com/,,,,,
Q861808,丹羽雄哉,丹羽,雄哉,ユウヤ,ニワ,男,19440420,,,http://www.niwayuya.net/blog/,,ikt2y,10/6,,
Q9067667,左藤章,左藤,章,アキラ,サトウ,男,19510712,310akirasato,,http://www.akira310.com/,,,,,
Q923428,松浪健太,松浪,健太,ケンタ,マツナミ,男,19710817,matsunamikenta,,http://www.kentakenta.org,,,,,
Q926287,斉藤鉄夫,斉藤,鉄夫,テツオ,サイトウ,男,19520205,saitotetsuo,,http://www.saitotetsuo.com/,,,,,
Q926370,林幹雄,林,幹雄,モトオ,ハヤシ,男,19470103,,,http://park19.wakwak.com/~motoo/,,ikt2y,10/6,,
Q935199,塩谷立,塩谷,立,リュウ,シオノヤ,男,19500218,,,http://www.ryu48.gr.jp/,,,,,
Q978256,小沢鋭仁,小沢,鋭仁,サキヒト,オザワ,男,19540531,OzawaSakihito,https://www.facebook.com/pages/%E5%B0%8F%E6%B2%A2%E3%81%95%E3%81%8D%E3%81%B2%E3%81%A8%E8%A1%86%E8%AD,http://www.e-ozawa.net/,http://www.youtube.com/user/OzawaSakihito,,,,
Q992930,石原伸晃,石原,伸晃,ノブテル,イシハラ,男,19570419,IshiharaNobu,https://www.facebook.com/ishihara.nobuteru,http://www.nobuteru.or.jp/,,,,,
