asis,screen_name,verified,protected,suspended,default_profile,has_extended_profile
031004GOGO,031004GOGO
0620_appletree,0620_appletree
1218fuji,1218Fuji
140829haruking,140829Haruking
1975_miwa,1975_miwa
1984urban,1984urban
1hatanorina,1hatanorina
244yamaguchi,244yamaguchi
2b28a3370fae4f9,2b28a3370fae4f9
2fc1828ca95c4ae,2fc1828ca95c4ae
310akirasato,310akirasato
310kakizawa,310kakizawa
3bihv3x5oh9us09,3BIhV3X5oh9us09
7bzhvilogf8yhwh,7bZHvilOGf8YHwh
9999suematsu,9999suematsu
9_mth,9_mth
AKBhyogo2ku,AKBhyogo2ku
AbeShinzo,AbeShinzo
AkiHatsushika,AkiHatsushika
Azuma_united_FC,Azuma_united_FC
DonanMaeda,DonanMaeda
Dr_Kamo,Dr_Kamo
ETO_Akinori,ETO_Akinori
EmikoUematsu,EmikoUematsu
EnatsuMasatoshi,EnatsuMasatoshi
FujiiHisayuki,FujiiHisayuki
Fullgen,Fullgen
HamamuraSusumu,HamamuraSusumu
HarachanJ,HarachanJ
HasegawaKaichi,HasegawaKaichi
HiranoHirofumi,HiranoHirofumi
Hiro_NAKANO_,Hiro_NAKANO_
HondaNobuhiro,HondaNobuhiro
HosodaHiroyuki,HosodaHiroyuki
HrpNagano3,HrpNagano3
Inoue_9,Inoue_9
IsamuUeda,IsamuUeda
IshiharaNobu,IshiharaNobu
IzumidaHirohiko,IzumidaHirohiko
KAMIYAMA_Yosuke,KAMIYAMA_Yosuke
KatsuNakajima,KatsuNakajima
Kazuchika_Iwata,Kazuchika_Iwata
KishiNobuo,KishiNobuo
KitajoTomohiko,KitajoTomohiko
KyokoNae,KyokoNae
Makoto_Yosano,Makoto_Yosano
Masanari_Koike,Masanari_Koike
Matsumoto_7ku,Matsumoto_7ku
MiyauchiHideki,MiyauchiHideki
Miyazaki_kirin,Miyazaki_kirin
MoriNatsue,MoriNatsue
NODAYOSHI55,NODAYOSHI55
NakasatoOkinawa,NakasatoOkinawa
NaokazuTakemoto,NaokazuTakemoto
NaotoKan,NaotoKan
Noriko_Furuya,Noriko_Furuya
Ogushi_Masaki,Ogushi_Masaki
OjSKdc90T9HNBRa,OjSKdc90T9HNBRa
OogushiHiroshi,OogushiHiroshi
OzawaSakihito,OzawaSakihito
RyoTagaya,RyoTagaya
SakamotoFumiko,SakamotoFumiko
SatoYukari,SatoYukari
ShimadaKoujiMie,ShimadaKoujiMie
ShiminhaEtsuko,ShiminhaEtsuko
Shin1Miyakawa,Shin1Miyakawa
ShintaroIto205,ShintaroIto205
ShiokawaTetsuya,ShiokawaTetsuya
ShioriYamao,ShioriYamao
Suga_Katsumi,Suga_Katsumi
TAIRAMASAAKI,TAIRAMASAAKI
TAMURATAKAAKI,TAMURATAKAAKI
T_Ibayashi,T_Ibayashi
TakehikoBando,TakehikoBando
Tanaka_Hide,Tanaka_Hide
Tanaka_Ryosei,Tanaka_Ryosei
TatsuoFukuda,TatsuoFukuda
Team_Koito2017,Team_Koito2017
Tomo_Ukishima,Tomo_Ukishima
TsuchiyaMasatad,TsuchiyaMasatad
Tsumura_Keisuke,Tsumura_Keisuke
TyTkr,TyTkr
Ueno_Kenichiro,Ueno_Kenichiro
YoshikawaHajime,YoshikawaHajime
YosshiiMoriyama,YosshiiMoriyama
YuiTetsushi,YuiTetsushi
YutaHiyoshi,YutaHiyoshi
_tomikawa,_tomikawa
a1zyy1qb0wm90qi,a1zyy1Qb0WM90qi
a_okamotooffice,a_okamotooffice
abe_juichi,abe_juichi
abe_tomoko,abe_tomoko
abetoshiko,abetoshiko
adachiyasushi,adachiyasushi
ainishiwaki,AiNishiwaki
akahigepapa,akahigepapa
akahira1990,akahira1990
akama_jiro,akaMA_jiRO
akamineseiken,akamineseiken
akemimitsubachi,AkemiMitsubachi
akibacsi,akibacsi
akibakenya,akibakenya
akimoto_chiba9,akimoto_chiba9
akimoto_tsukasa,akimoto_tsukasa
akira_amari,Akira_Amari
akutsuyukihiko,akutsuyukihiko
amakinaoto,amakinaoto
andouhiroshi,andouhiroshi
ao_shu_office,ao_shu_office
aonoyoshiaki,aonoyoshiaki
aoyagi_h,aoyagi_h
aoyagy,aoyagy
aoyama_ryosuke,aoyama_ryosuke
aoyamayamato,aoyamayamato
aozoranaru,aozoranaru
asano__satoshi,Asano__Satoshi
asao_keiichiro,asao_keiichiro
asebora,asebora
atoukazuyuki,atoukazuyuki
atsutsuge,atsutsuge
ayano_kunimitsu,ayano_kunimitsu
baba_ishin,baba_ishin
banrikaieda,banrikaieda
chiduko916,chiduko916
chikachika_gogo,chikachika_gogo
chinami_niigata,chinami_niigata
chitak21,chitak21
clfcde1eljomceq,clFCDe1EljoMCEQ
daisuketeduka,daisuketeduka
democracymonst,democracymonst
doitooru812,doitooru812
dpjkudotakeshi,dpjkudotakeshi
dr_hatakeyama,dr_hatakeyama
edanoyukio0531,edanoyukio0531
edaoffice,edaoffice
efisgfiseeedhde,efisgfiseeedhde
egasiratosimitu,egasiratosimitu
eimouri,eimouri
eireiwatcher1,eireiwatcher1
emikouematsu,EmikoUematsu
endo_nobuhiko,ENDO_NOBUHIKO
etoseishiro,etoseishiro
ezzdxpqwoyfkdvh,EzZdXPQWoYFkDVH
f4nk6s5c4vc0dhh,f4nk6s5c4Vc0dhH
fsakura,fsakura
fujimotosachico,fujimotosachico
fujinofujinooo,FujinoFujinooo
fujiokakayoco,fujiokakayoco
fujiokatakao,FujiokaTakao
fujitadaisuke,fujitadaisuke
fukuchanjapan,fukuchanjapan
fukudamineyuki,fukudamineyuki
fukuzumih,fukuzumih
fumi_fuji,fumi_fuji
fumiakishiina,fumiakishiina
fumiyoshi610,fumiyoshi610
funakawajiro,funakawajiro
fupo_cgsm,fupo_cgsm
furumoto_s11,furumoto_s11
furuya_keiji,Furuya_keiji
fwic9857,fwic9857
ga9_h,ga9_h
gemmakentaro,gemmakentaro
gen_nakatani,gen_nakatani
genkihoriuchi,genkihoriuchi
genmiyauchi1982,genmiyauchi1982
go_shinohara,go_shinohara
gogodai5,GOGOdai5
gogoyoshidago,gogoyoshidago
gorichan2014,gorichan2014
goseigosay,goseigosay
gotodamasazumi,GotodaMasazumi
green_river15t,green_river15t
h0use3,h0use3
h_nakatsugawa,h_nakatsugawa
hagiuda_ko1,hagiuda_ko1
hajime24331,hajime24331
hamachi_m,hamachi_m
hana_daichan,hana_daichan
hanahanaexpress,hanahanaexpress
hanamarukun870,hanamarukun870
happy_ichikawa,happy_ichikawa
happymania28jp,happymania28jp
harada_kenji,harada_kenji
harakeikei,harakeikei
harateruo,HaraTeruo
haruka_tubasa,haruka_tubasa
hashimotokotoe,HashimotoKotoe
hashimotokumi,hashimotokumi
hata_kouji,hata_kouji
hatanaka_mitsu,hatanaka_mitsu
hatano_rina,hatano_rina
hatanokimie,hatanokimie
hatayama_kazuya,hatayama_kazuya
hatibe47,hatibe47
hatoyamajiro,HatoyamaJiro
hatoyamataro,hatoyamataro
hattori_ryoichi,hattori_ryoichi
hattori_taisuke,hattori_taisuke
hayashihide22,HAYASHIhide22
hayashijunoffic,hayashijunoffic
hi_sakamoto,hi_sakamoto
hidaka_takeshi,hidaka_takeshi
hide24004517,hide24004517
hidemichisato,hidemichisato
higmaiku_mi_,higmaiku_mi_
higumon12,Higumon12
hiranumaokayama,HiranumaOkayama
hiratakuchan,hiratakuchan
hirofumi_ryu,hirofumi_ryu
hirokato2,hirokato2
hiroki_shira,hiroki_shira
hiroko_nanami,hiroko_nanami
hiromitsubayasi,hiromitsubayasi
hiromu_morimura,hiromu_morimura
hirota11,hirota11
hiroyuki_kobaya,hiroyuki_kobaya
hiroyukitogash,hiroyukitogash
hmakihara,hmakihara
horikoshikeinin,horikoshikeinin
hoshi__kentaro,hoshi__kentaro
hosoda_kenichi,hosoda_kenichi
hosono_54,hosono_54
hossys,hossys
hrpkonoichiro,hrpkonoichiro
humandream1,humandream1
hyt4all,HYT4ALL
iakas_oratnek,iakas_oratnek
iakimasa1,iakimasa1
ichiroaisawa,ichiroaisawa
idomasae,idomasae
igosso014,igosso014
iidamiyako1,iidamiyako1
ikeda_0620,ikeda_0620
ikemakihonki,ikemakihonki
ikeuchi_saori,ikeuchi_saori
ikiaiko,ikiaiko
ikou6,IKOU6
ikumalien,ikumalien
ikunotennohji,ikunotennohji
iloveyatchan,iloveyatchan
imadomenao,ImadomeNao
imaeda_soichiro,imaeda_soichiro
imaedajin,imaedajin
imai_masato,imai_masato
imazu164,imazu164
inasan1730724,inasan1730724
inatomi_office,inatomi_office
inatsuhisashi,InatsuHisashi
info48872502,info48872502
info_okazaki,info_okazaki
ino_takasi,ino_takasi
inoueyoshiko122,inoueyoshiko122
inumarum,inumarum
isakanobuhiko,isakanobuhiko
isashinichi,isashinichi
ishidanoritoshi,ishidanoritoshi
ishiduka_s,Ishiduka_S
ishiharahirotak,ishiharahirotak
ishii_hidetoshi,ishii_hidetoshi
ishikawakaori11,IshikawaKaori11
ishinhatano,ishinhatano
issikikazumasa,issikikazumasa
isz310,isz310
itakurama,itakurama
ito_wataru,ito_wataru
ito_yuta,ito_yuta
itokumikorikken,itokumikorikken
itomasaki,itomasaki
itonobuhisa,itonobuhisa
itou_makoto1974,Itou_Makoto1974
itrsoga,itrsoga
itsunori510,itsunori510
iwate_fujiwara,iwate_fujiwara
iyaiya_55,iyaiya_55
izki_toyama,izki_toyama
jcp_555,jcp_555
jcp_ishidoh,jcp_ishidoh
jcphigashiosaka,jcphigashiosaka
jcpishimaru,jcpishimaru
jcpkazushi53,JcpKazushi53
jcpkitayama,jcpkitayama
jcpniiza,jcpniiza
jcptokyo10,jcptokyo10
jhiramatu,jhiramatu
jiro_k_tsugaru,jiro_k_tsugaru
jiroakama0327,jiroakama0327
jkabucp,jkabucp
jmqrz1xewz0lj01,jmqRZ1XEwz0Lj01
junko_okano,junko_okano
junmatsumoto411,junmatsumoto411
junyaog,junyaog
jyunji_suzuki,jyunji_suzuki
jyuuouumare,jyuuouumare
k_maekawa,k_maekawa
k_tanaka_1010,k_tanaka_1010
k_tomokatsu,k_tomokatsu
kadayukiko,kadayukiko
kado_wakayama,kado_wakayama
kai02yamashita,kai02yamashita
kajiyamahiroshi,kajiyamahiroshi
kameiakikoweb,kameiakikoweb
kameokayositami,kameokayositami
kamikawa_yoko,Kamikawa_Yoko
kamiyama_saichi,KAMIYAMA_SAICHI
kana_628,kana_628
kanakuramasato,kanakuramasato
kanametajima,kanametajima
kanda_kenji_,kanda_kenji_
kaneko_emi_,kaneko_emi_
kanhideki,kanhideki
kanke_ichirou,kanke_ichirou
kanoakira1,kanoakira1
kasahara_reika,kasahara_reika
katoayuko_and_s,katoayuko_and_s
katsueihirasawa,katsueihirasawa
katsukawai,katsukawai
katsunobukato,katsunobukato
kawabekenichi,kawabekenichi
kawano_an,kawano_an
kawauchihiroshi,kawauchihiroshi
kawoyosida,kawoyosida
kazu_okajima,kazu_okajima
kazuma_nakatani,kazuma_nakatani
kazumokeigo,kazumokeigo
kazunori_kibou,kazunori_kibou
kb2474,kb2474
keemiki,keemiki
keiko_nagaoka,keiko_nagaoka
kenkou64865187,kenkou64865187
kenta_waka,kenta_waka
kentarou450417,kentarou450417
kharaguchi,kharaguchi
kihara_minoru,kihara_minoru
kihara_seiji,kihara_seiji
kiitakashi,kiitakashi
kikawadahitoshi,kikawadahitoshi
kikuchiouen,kikuchiouen
kikuta_official,kikuta_official
kimura841,kimura841
kimurataketsuka,KimuraTaketsuka
kinjou_tatsurou,kinjou_tatsurou
kisskisi,kisskisi
kitagamikeiro,kitagamikeiro
kitagawa_kazuo,kitagawa_kazuo
kitazumi5,kitazumi5
kiuchi_hitoshi,kiuchi_hitoshi
kiyofumi_ohnuki,kiyofumi_ohnuki
kiyohiko_toyama,kiyohiko_toyama
kobahawk,kobahawk
kogaatsushi,kogaatsushi
koganezawayuka,KoganezawaYuka
kohiyamaseisaku,kohiyamaSEISAKU
koichiyoshida4,koichiyoshida4
koike_kazunori,koike_kazunori
koitokensuke,koitokensuke
koizumitoshiaki,koizumitoshiaki
koji_1951,koji_1951
kojimaichiro,kojimaichiro
kojimatoshifumi,kojimatoshifumi
kokubkonosuke,kokubkonosuke
kokutakeiji,kokutakeiji
komatsu_yutaka,komatsu_yutaka
komiyama_yasko,komiyama_yasko
kondo_shoichi,kondo_shoichi
kondokazuya,kondokazuya
kondoyosuke21,kondoyosuke21
konno_tomohiro,konno_tomohiro
konotarogomame,konotarogomame
koredeiinoka,koredeiinoka
koshimizu_k1,koshimizu_k1
kotaro_nagasaki,kotaro_nagasaki
koteranran,Koteranran
kouji_satou,kouji_satou
kouzai2007,kouzai2007
kpf9,kpf9
kudoshozo,kudoshozo
kugimarususumu,KugimaruSusumu
kujira0827,kujira0827
kumadahiromichi,kumadahiromichi
kuroiwatakahir1,kuroiwatakahir1
kushibuchi,kushibuchi
kusuda_daizoo,kusuda_daizoo
ky60954585,ky60954585
kyamauchi2,kyamauchi2
kyoko_yosida,kyoko_yosida
kyoto_honda,kyoto_honda
mabuchi_sumio,mabuchi_sumio
madokayoriko,madokayoriko
maedakouichi777,maedakouichi777
maehara2016,Maehara2016
maejun_jp,maejun_jp
maki1868,maki1868
makishimakaren,makishimakaren
makoara0810,makoara0810
manabu_tokyo5,manabu_tokyo5
marikokoro556,marikokoro556
maruyamahodaka,maruyamahodaka
masanobu_ogura,masanobu_ogura
masayoikeda_sdp,masayoikeda_sdp
mashiroryo1,mashiroryo1
masudajcp,masudajcp
matsu_en,matsu_en
matsubarajin731,matsubarajin731
matsuirikken,matsuirikken
matsuki_shu,matsuki_shu
matsumoto_7ku,Matsumoto_7ku
matsumoto_yohei,matsumoto_yohei
matsunamikenta,matsunamikenta
matsunoyorihisa,matsunoyorihisa
matsuo_akihiro,matsuo_akihiro
matsuo_masanori,matsuo_masanori
matsuo_ritsuko,matsuo_ritsuko
matsuzawakaoru,matsuzawakaoru
matusimamidori,matusimamidori
megumi_kaneko4,megumi_kaneko4
melf4511,melf4511
michishitadaiki,michishitadaiki
miharaasahiko,MiharaAsahiko
mihojimukyoku,mihojimukyoku
mihotanii,mihotanii
mikiharaguchi,mikiharaguchi
mikioshimoji,mikioshimoji
mikuni_yuki,mikuni_yuki
mimu_kanamori,mimu_kanamori
minatoyuko,minatoyuko
mineo_kaneda,mineo_kaneda
minobeteruo,minobeteruo
minorikawa_nobu,minorikawa_nobu
minsyudai4,minsyudai4
miosugita,miosugita
misumikouenkai1,misumikouenkai1
mitani_h,mitani_h
mitsunori_ok,mitsunori_ok
mitsuya_office,mitsuya_office
miwako_hrp,miwako_hrp
miyajitakuma,miyajitakuma
miyamototooru,miyamototooru
miyazaki6868,miyazaki6868
miyazaki_takesh,MIYAZAKI_Takesh
miyazawa_japan,miyazawa_japan
mizukamimika12,mizukamimika12
mkawano2416,mkawano2416
mkynet1975,mkynet1975
monsmsg2,monsmsg2
mori_morita,mori_morita
moriyamahiro,MORIYAMAhiro
moriyamamasahit,moriyamamasahit
morizakurafsys,morizakurafsys
moteging,moteging
motomura_nobuko,motomura_nobuko
mukose3,mukose3
munekiyooffice,MunekiyoOffice
muraihideki,muraihideki
muraoka_toshi,Muraoka_Toshi
mutaishunsuke,mutaishunsuke
mutouyouji,mutouyouji
my_fc1,my_fc1
n_koyama1,n_koyama1
n_watanabe214,n_watanabe214
nagashima21,nagashima21
nagatsumaakira,nagatsumaakira
nagayasu2,nagayasu2
nakagawa_komei,nakagawa_komei
nakagawahiroji,nakagawahiroji
nakagawayuko,nakagawayuko
nakamurahiro3,nakamurahiro3
nakanehiromi,NakaneHiromi
nakaokamaki,nakaokamaki
nakasehiroyuki1,nakasehiroyuki1
nakatani80,nakatani80
nakayamanariaki,nakayamanariaki
nakayasu40,nakayasu40
nambamichiyo,nambamichiyo
namiki2020,Namiki2020
nan_jcp,nan_jcp
naohisamatsuda,naohisamatsuda
naokoikumura,naokoikumura
naomi_tokashiki,naomi_tokashiki
narihisa804,narihisa804
nekotanchan,nekotanchan
nekoyasui,nekoyasui
nemotoyukinori,nemotoyukinori
nipponniyumeo,nipponniyumeo
nishidachikara,nishidachikara
nishihara_tada,nishihara_tada
nishimotoatsush,nishimotoatsush
nishino_daisuke,nishino_daisuke
nishino_koichi,nishino_koichi
nishioka_arata,nishioka_arata
nishy03,nishy03
nisida_tosiko,nisida_tosiko
nissyzaaaawa,nissyzaaaawa
niwahideki,niwahideki
nkikucchi,nkikucchi
noboru_kamitani,noboru_kamitani
noboruusami,NoboruUsami
nobu_takemura,nobu_takemura
nobuhisaito,nobuhisaito
noda_seiko93,noda_seiko93
nodatakeshi1003,nodatakeshi1003
nodokajcp,nodokajcp
nogiryosuke,nogiryosuke
noharanoriko,noharanoriko
nomuramasateru,nomuramasateru
nonakajimusho,nonakajimusho
nonbiriyo,nonbiriyo
norihiron,norihiron
norikazu_suzuki,norikazu_suzuki
norikomiya,norikomiya
noriokochi,NorioKochi
noriyuki_ishi,noriyuki_ishi
ochiaitakayuki,ochiaitakayuki
ochitakao,ochitakao
odawarakiyoshi,odawarakiyoshi
office50824963,office50824963
office_hiranao,office_hiranao
ogawa_yasue,ogawa_yasue
oguma_shinji,oguma_shinji
oh304o,Oh304o
ohmisei,ohmisei
okabemitsunori,okabemitsunori
okada_katsuya,okada_katsuya
okamotooffice,OkamotoOffice
okumatoshiaki,okumatoshiaki
okumotonaomi,okumotonaomi
okushita_ishin,okushita_ishin
omamiuda_minoru,omamiuda_minoru
omuta_eguchi,omuta_eguchi
oniken0024,oniken0024
onishi_hiroyuki,onishi_hiroyuki
ootamasataka,ootamasataka
osanai235,osanai235
ota_kazumi,ota_kazumi
otsujikanako,otsujikanako
otsukitv,otsukitv
over_wash,over_wash
ozaki8165,ozaki8165
ozawa_jimusho,ozawa_jimusho
panpakapapico,panpakapapico
papiya396,papiya396
paul_morimori,Paul_morimori
peace12wave,peace12wave
peaceosanishi,peaceosanishi
pekoandnaomi,pekoandnaomi
pontapiranao,pontapiranao
qn93vr,Qn93vR
raijinmaru,raijinmaru
realjimmu_hrp,realJimmu_HRP
rei500313,Rei500313
reikoshimoji,reikoshimoji
rhein2011,Rhein2011
rie_nakanishi77,rie_nakanishi77
rikenminshu,rikenminshu
rikiriki1005,rikiriki1005
rikitomorenntai,rikitomorenntai
rikken_akamatsu,rikken_akamatsu
ryoichikamijo,ryoichikamijo
ryosei_akazawa,ryosei_akazawa
ryotashirotori,ryotashirotori
ryu_no_kisi,ryu_no_kisi
ryujikawabe,ryujikawabe
ryuzo_kuchiishi,ryuzo_kuchiishi
saito_hiroaki_,saito_hiroaki_
saitokazuko,saitokazuko
saitotetsuo,saitotetsuo
saitou_ken,saitou_ken
sakae071417t,Sakae071417T
sakaguchi_naoto,Sakaguchi_Naoto
sakai_manabu,sakai_manabu
sakatatakanori1,sakatatakanori1
sakurai_shu,sakurai_shu
saorijimusyo,saorijimusyo
sasaki_stop_tpp,sasaki_stop_tpp
sasakirika4649,sasakirika4649
satiueda29,satiueda29
satoshimiyamoto,satoshimiyamoto
satoshisatoshia,SatoshiSatoshiA
satoyasukinet,satoyasukinet
sayu4018,sayu4018
seigo_k,seigo_k
seiji_ohsaka,seiji_ohsaka
seikoshimamura,seikoshimamura
seitikawashima,seitikawashima
sekioisin,sekioisin
sekiyoshihiro,sekiyoshihiro
setotakakazu,setotakakazu
setuko2525de15,setuko2525de15
shakuryoko,shakuryoko
shiba_masa,shiba_masa
shibaoka_yuma,shibaoka_yuma
shibatamikiinfo,shibatamikiinfo
shige_katsunuma,Shige_katsunuma
shigeki3468,shigeki3468
shigekinara,ShigekiNara
shigeport,shigeport
shigeruishiba,shigeruishiba
shigetoku2,shigetoku2
shiikazuo,shiikazuo
shiiki_tamotsu_,shiiki_tamotsu_
shinako_jimusho,shinako_jimusho
shinatakeshi,shinatakeshi
shindo_y,shindo_y
shinrai_seiji,shinrai_seiji
shiomura,shiomura
shiraishiyoichi,shiraishiyoichi
shishidochie,shishidochie
sho_ishikawa38,sho_ishikawa38
shuheikishimoto,shuheikishimoto
shunji_yuhara,shunji_yuhara
shunsuke_ishin,shunsuke_ishin
sijinashi,sijinashi
sima_omi,sima_omi
sindome7,sindome7
sobuemotoki,SobueMotoki
sokuno2,sokuno2
sonourakentaro,sonourakentaro
soramoto_seiki,soramoto_seiki
sshiomi,sshiomi
suechandesu,suechandesu
sugawara_makoto,sugawara_makoto
sugawaraisshu,sugawaraisshu
sugawitter,sugawitter
sugichannet,sugichannet
sugishitashigeo,SugishitaShigeo
suzukiyosuke1,suzukiyosuke1
syogatani,syogatani
syouzoumajima,syouzoumajima
syunsuke_takei,syunsuke_takei
t_funahashi,t_funahashi
t_kazunori,t_kazunori
t_takai,t_takai
tabuchimasafumi,tabuchimasafumi
tadahiko_itoh,tadahiko_itoh
tadamori_oshima,tadamori_oshima
tadashishimizu,tadashishimizu
tadokoro_yoshi,tadokoro_yoshi
taigetsu1953,taigetsu1953
taimei1,taimei1
tajimaissei,tajimaissei
tak1381,tak1381
takaaki_katsu,takaaki_katsu
takagi_hirohisa,takagi_hirohisa
takahashinoe,takahashinoe
takahina7777,takahina7777
takaichi_sanae,takaichi_sanae
takamatu,takamatu
takamori_yoshi,takamori_yoshi
takashinagao,takashinagao
takatanekiuchi,takatanekiuchi
takatorishuichi,takatorishuichi
takebearata,takebearata
takeda_tokyo20,TAKEDA_TOKYO20
takemasakoichi,takemasakoichi
takeokawamura,takeokawamura
takeuchi_hibiki,takeuchi_hibiki
takeuchi_yuzuru,takeuchi_yuzuru
takijidakkan,takijidakkan
tamakidenny,tamakidenny
tamakiyuichiro,tamakiyuichiro
tamukenshizuoka,tamukenshizuoka
tanabe_yuji,tanabe_yuji
tanaka_hide,Tanaka_Hide
tanaka_otaku,tanaka_otaku
tanakayoji,tanakayoji
taro_aso_,taro_aso_
tarui_yoshikazu,tarui_yoshikazu
tatsuya_jcp,Tatsuya_jcp
tatsuyaito0501,tatsuyaito0501
tatsuyoshikato,TatsuyoshiKato
tatumaru1979,tatumaru1979
taxombudsman,TaxOmbudsman
team_e_toshiaki,Team_e_toshiaki
team_koito2017,Team_Koito2017
teamohta,teamohta
tekuteku_diary,tekuteku_diary
tera3yoshiyuki,tera3yoshiyuki
terada124,terada124
teratamanabu,teratamanabu
teruhoriuchi,teruhoriuchi
thinkbig_toru,thinkbig_toru
tinenaganuma,tinenaganuma
tmiyazawa007,Tmiyazawa007
toba_megumi,toba_megumi
tobitobitobi0,tobitobitobi0
tohruishizaki,TohruIshizaki
tokaikisaburo,tokaikisaburo
tokikobayashi,tokikobayashi
tokyo8staff,tokyo8staff
tom_tanigawa,Tom_Tanigawa
tomita_naoki,tomita_naoki
tommykun01,tommykun01
torukunishige,ToruKunishige
toshi_yoshii777,toshi_yoshii777
toyo23office,toyo23office
toyota_mayuko,toyota_mayuko
tsujijcp,tsujiJCP
tsujikiyoto,tsujikiyoto
tsujimotokiyomi,tsujimotokiyomi
tsune0024,tsune0024
tsushimajun,tsushimajun
tsutomu_s2,tsutomu_s2
tsuyako1127,tsuyako1127
tsuyoshi1981y,tsuyoshi1981y
ttanigawa3,ttanigawa3
tujikiyoto,tujikiyoto
tukinokawasator,tukinokawasator
tw_matayoshi,tw_matayoshi
ty_polepole,ty_polepole
u_simazu,u_simazu
ubukatayukio66,ubukatayukio66
uchiyama_akira_,uchiyama_akira_
ueno_hiroshi,ueno_hiroshi
umemura_saeko,umemura_saeko
umetani_m,umetani_m
uranoyasuto,uranoyasuto
waka929,waka929
wakamiya7788,wakamiya7788
wakasaminagiru,wakasaminagiru
wakayasu1985,wakayasu1985
wanibuchiyoko,WanibuchiYoko
waseda_yuki,waseda_yuki
washioeiichirou,washioeiichirou
wataame_hare,wataame_hare
wvzurewxzk7lisw,wVZureWXzk7LiSw
xdauib5hhmwisqv,XdauiB5HHmwisqv
y0shida0samu,y0shida0samu
y___hasegawa,y___hasegawa
y_tanahashi,y_tanahashi
yakou_kanji,yakou_kanji
yamaatsu2311,Yamaatsu2311
yamachi0102,yamachi0102
yamada_miki,yamada_miki
yamagiwa001,yamagiwa001
yamahanaikuo,yamahanaikuo
yamakawa_yuriko,yamakawa_yuriko
yamamoto_taku,yamamoto_taku
yamamotogiin,yamamotogiin
yamamotoyuji,yamamotoyuji
yamanashi_yasuo,yamanashi_yasuo
yamanoikazunori,yamanoikazunori
yamashita_ok,YAMASHITA_OK
yamauchiko1,yamauchiko1
yamazakimakoto,yamazakimakoto
yamazakimaya,YamazakiMaya
yanaihissho,yanaihissho
yanotadasige,yanotadasige
yasu_shio,yasu_shio
yasuokahirotake,yasuokahirotake
yasutaka_nksn,yasutaka_nksn
ybhmmrq,YbhmmrQ
yjochi,yjochi
ymd_knj,Ymd_Knj
yokomitsu_oita3,yokomitsu_oita3
yokotaeiji17,yokotaeiji17
yokoyamagogo,yokoyamagogo
yokoyamaseigo,yokoyamaseigo
yokunihideyuki,yokunihideyuki
yoshiaki_harada,yoshiaki_harada
yoshida_komei,yoshida_komei
yoshida_toshio,yoshida_toshio
yoshidaharumi,YoshidaHarumi
yoshidatoyo23,yoshidatoyo23
yoshiiehiroyuki,yoshiiehiroyuki
yoshino_ishin,yoshino_ishin
yoshio7_m,yoshio7_m
yoshiokakenji,yoshiokakenji
yoshiomaki758,yoshiomaki758
yoshitomi_kazue,yoshitomi_kazue
yoshitune1aichi,yoshitune1aichi
youkosirakawa,YoukoSirakawa
yousei_ide,yousei_ide
ysakurada,ysakurada
yuichi510510,yuichi510510
yuichi_mayama,yuichi_mayama
yuiwatanabe_osk,yuiwatanabe_osk
yukiatkanagawa,yukiatkanagawa
yukiko_nagase,yukiko_nagase
yunoki_m,yunoki_m
yuutakagoshima3,yuutakagoshima3
yuzofurukawa,yuzofurukawa
yuzuruhori_jcp,yuzuruhori_jcp
ywada_hokkaido5,ywada_hokkaido5
yyoko1117,yyoko1117
zengakuren,Zengakuren
